COMMENTID,COMMENTATOR,CUE,TEXT,TRIMVIDEO,TRIMASPECT,Ratings1,Ratings2,Ratings3,Ratings4,Ratings5 ,Sum,TLSum
1215,LstudyID599,46,good relaxed stance and animation,EXAMPLE 4,Delivery,2,0,0,0,4,6,2
1203,LstudyID599,39,not a great opener,EXAMPLE 3,Delivery,1,0,1,2,1,5,2
1208,LstudyID599,175,not as clearly/simply argued as could be,EXAMPLE 3,Delivery,0,0,0,0,2,2,0
1210,LstudyID599,189,engaged animated delivery at times,EXAMPLE 3,Delivery,0,1,0,0,2,3,1
1217,LstudyID599,89,great engaged delivery,EXAMPLE 4,Delivery,0,0,0,1,2,3,0
1165,LstudyID599,79,good animated gestures,EXAMPLE 1,Delivery,0,0,0,0,1,1,0
1209,LstudyID599,184,good level of emotion shown,EXAMPLE 3,Delivery,0,1,0,0,1,2,1
1212,LstudyID599,398,great closing comments,EXAMPLE 3,Delivery,0,0,0,0,2,2,0
1176,LstudyID599,402,humorous,EXAMPLE 2,Delivery,0,0,0,0,1,1,0
1211,LstudyID599,371,encouraging engagement of the audience through inclusive questions,EXAMPLE 3,Delivery,1,0,1,0,2,4,2
1105,LstudyID732,381,Good use of emotive delivery in the speech. You believe that she believes what she's saying. Expressive hand movements are also adding to this.,EXAMPLE 2,Delivery,0,0,1,0,2,3,1
1114,LstudyID732,43,Silence between sentences makes for clear punctuation.,EXAMPLE 1,Delivery,1,0,0,0,3,4,1
1112,LstudyID732,123,She speaks clearly and slowly to emphasise important bits.,EXAMPLE 4,Delivery,0,0,0,0,2,2,0
1103,LstudyID732,267,Slight pauses between sentences are punctuating the presentation.,EXAMPLE 2,Delivery,1,1,0,0,0,2,2
1117,LstudyID732,174,Highlights clearly the originality of his work.,EXAMPLE 1,Delivery,0,0,0,0,2,2,0
1137,UCM34,173,"Feels un prepared, lots of ums and ahs.",EXAMPLE 3,Delivery,0,1,0,0,1,2,1
1133,UCM34,139,This is a super interesting presentation. His enthusiasm shows and keeps me interesting for what comes next.,EXAMPLE 1,Delivery,0,0,0,1,1,2,0
1438,UCT26,40,good opening,EXAMPLE 1,Delivery,0,0,0,0,1,1,0
1447,UCT26,196,"good presentation. clear explanation, to the point and in three minutes",EXAMPLE 4,Delivery,1,0,0,0,2,3,1
1445,UCT26,232,I think he speaks without text.,EXAMPLE 3,Delivery,0,0,1,0,1,2,1
1443,UCT26,466,she made less eye contact with the audiences as she frequently looked to the screen,EXAMPLE 2,Delivery,0,0,2,0,1,3,2
1442,UCT26,456,"i just realised that she moved a lot. contradict from the previous tips about ""stand""",EXAMPLE 2,Delivery,0,0,1,0,1,2,1
1101,UCW7,104,good use of hand gestures,EXAMPLE 4,Delivery,0,0,0,0,3,3,0
1332,UCW8,157,"he sounds bit nervous, but he is selling his story at the beginning which is a good start.",EXAMPLE 3,Delivery,0,0,0,0,2,2,0
1333,UCW8,4,very clear and easy to understand,EXAMPLE 4,Delivery,1,0,0,0,4,5,1
1121,UCM34,113,"Building ideas is important, it is the key to a good story.",TUTORIAL 1,I am rather good at this,4,0,0,0,3,7,4
1120,UCM34,106,This is important!,TUTORIAL 1,I am rather good at this,0,1,1,0,2,4,2
1434,UCT26,368,"rehearsing is important (I've done this a lot). but, for me, the most important thing is how to overcome my nervous.",TUTORIAL 3,I am rather good at this,0,0,0,0,3,3,0
1317,UCW8,209,"she is a nice lady, but I didn't get attracted by her talk, sorry.",TUTORIAL 4,I am rather good at this,0,0,0,2,0,2,0
897,LstudyID636,51,This is the sort of thing I do.,TUTORIAL 1,I did/saw this in the past,1,2,1,0,1,5,4
994,LstudyID732,191,"The introduction needs to be prepared. But this one sounds like reading a script, a bit unnatural.",TUTORIAL 2,I did/saw this in the past,0,0,1,0,2,3,1
997,LstudyID732,275,A lot of the time I find there is too much information on a slide. I try to read and listen at the same time and don't manage either. So I like the idea of stripping back the written content.,TUTORIAL 3,I did/saw this in the past,1,1,0,1,1,4,2
1128,UCM34,339,I think over preparing can lead to stiff unnatural presentations.,TUTORIAL 3,I did/saw this in the past,0,0,0,1,1,2,0
1130,UCM34,189,Talking about not pacing yet she is pacing.,TUTORIAL 4,I did/saw this in the past,0,1,0,0,2,3,1
1129,UCM34,52,I find pacing side to side keeps the audiences attention especially during something dull.,TUTORIAL 4,I did/saw this in the past,0,2,0,2,2,6,2
1131,UCM34,205,"Not smile, but enthusiam. A smile should be an extension from that.",TUTORIAL 4,I did/saw this in the past,0,1,0,0,2,3,1
1428,UCT26,31,Totally agree,TUTORIAL 2,I did/saw this in the past,1,0,1,0,1,3,2
1435,UCT26,57,I think I do one of these in my delivery,TUTORIAL 4,I did/saw this in the past,0,0,1,0,1,2,1
1161,LstudyID599,274,silence- use it appropriately - don't keep addin joining words so that its a monologue. use silence to pause,TUTORIAL 4,I didnt realize I wasnt doing this,1,1,0,0,2,4,2
998,LstudyID732,259,Pretty sure I'm guilty of that. Will work towards preparing specific points in the form of sentences.,TUTORIAL 4,I didnt realize I wasnt doing this,0,0,0,0,2,2,0
995,LstudyID732,359,I had not thought to prepare an ending.,TUTORIAL 2,I didnt realize I wasnt doing this,0,0,1,1,1,3,1
1132,UCM34,263,I should really respect that silences are important. I do fill the void with noise.,TUTORIAL 4,I didnt realize I wasnt doing this,0,0,0,1,1,2,0
1379,UCT21,108,1 idea per slide,TUTORIAL 1,I didnt realize I wasnt doing this,1,1,2,0,2,6,4
1427,UCT26,141,"Knowing that there are other tools for delivery a presentation is a new thing for me. I thought that PowerPoint is the only tool. I do realise that using many figures could distract audiences. Therefore, I hide the text from them and read it from my laptop during a delivery.",TUTORIAL 1,I didnt realize I wasnt doing this,1,0,0,0,3,4,1
1429,UCT26,66,"Sadly, I was doing this boring opening senteces frequently",TUTORIAL 2,I didnt realize I wasnt doing this,2,2,0,0,2,6,4
1271,UCW13,68,"I don't know how many times I have heard those opening, can everyone hear me, thank you for coming....",TUTORIAL 2,I didnt realize I wasnt doing this,1,1,0,1,1,4,2
1159,LstudyID599,190,"sound - stay low, as shoulders raise voice goes up. Also vary pitch, and use of volume etc to add dynamic elements to presentation",TUTORIAL 4,I like this point,1,0,0,0,1,2,1
1150,LstudyID599,35,people only remember the start and the end of a presentation,TUTORIAL 2,I like this point,1,0,0,2,4,7,1
1143,LstudyID599,87,not bullets/graphs/points - tell a story with beginning middle and end. Build the presentation around this (low tech) and approach in the way of 'what best tells the story',TUTORIAL 1,I like this point,1,0,0,1,3,5,1
1160,LstudyID599,242,smile whilst presentig,TUTORIAL 4,I like this point,0,1,0,0,1,2,1
1144,LstudyID599,168,Make one point per slide or build and idea over slides- keep it simple and use visuals.,TUTORIAL 1,I like this point,1,0,0,0,4,5,1
1162,LstudyID599,371,"sight - make eye contact with people like you would in a conversation, dont scan/not focus - stance, smile, speech, sight, silence",TUTORIAL 4,I like this point,0,0,0,0,2,2,0
1158,LstudyID599,,"yoga standing pose, feet rooted and arms by side - keep shoulders down",TUTORIAL 4,I like this point,1,0,0,1,1,3,1
901,LstudyID636,81,Good idea.,TUTORIAL 3,I like this point,0,0,1,0,1,2,1
900,LstudyID636,433,Good idea.,TUTORIAL 2,I like this point,0,0,0,0,1,1,0
899,LstudyID636,185,"These are interesting, but they also link with the first video - these people are telling a story, with a beginning, middle and end,  Stories are important.",TUTORIAL 2,I like this point,0,0,0,0,3,3,0
898,LstudyID636,77,That's a good idea.  It's also how I write!,TUTORIAL 1,I like this point,0,1,1,0,2,4,2
1000,LstudyID732,359,"I am guilty of this. I find maintaining eye contact a struggle, but perhaps I should just get over it.",TUTORIAL 4,I like this point,0,0,0,0,2,2,0
996,LstudyID732,239,People like to hear a statistic in context.,TUTORIAL 3,I like this point,0,0,0,0,3,3,0
992,LstudyID732,37,A very clear piece of advice,TUTORIAL 2,I like this point,1,0,1,0,2,4,2
1119,UCM34,74,"This is a good idea, but why does this make bullet points bad?",TUTORIAL 1,I like this point,0,1,1,2,2,6,2
1126,UCM34,103,The energy expressed by the presenter at this point is also important.,TUTORIAL 3,I like this point,1,1,0,0,4,6,2
1377,UCT21,75,"Ok so clear, concise points arranged logically",TUTORIAL 1,I like this point,0,0,0,0,6,6,0
1431,UCT26,424,this video gives a new horizon to me. I always make sure that the closing of presentation should be less than a minute.,TUTORIAL 2,I like this point,0,0,0,0,1,1,0
1430,UCT26,172,"hmmm...it seems that an opening sentence doesn't necessary mean to be a short one, but full of teasing words or attract a curiosity",TUTORIAL 2,I like this point,0,0,1,0,1,2,1
1432,UCT26,226,i like the way steve jobs presents numbers,TUTORIAL 3,I like this point,0,0,0,0,2,2,0
1433,UCT26,248,"surely I should remember this point: ""make numbers meaningful""",TUTORIAL 3,I like this point,0,0,0,0,2,2,0
1436,UCT26,93,"again, I was doing this in my delivery",TUTORIAL 4,I like this point,0,0,1,0,1,2,1
804,UCT27,391,"Added bonus to the presentation, wow. i never thought of that",TUTORIAL 3,I like this point,1,0,0,0,1,2,1
1268,UCW13,28,Understanding that audiences remember the beginning and end is very useful.,TUTORIAL 2,I like this point,3,0,0,0,5,8,3
1272,UCW13,110,possibly a little dramatic all be it true sounds like a politician.... a bit much maybe,TUTORIAL 2,I like this point,0,0,1,1,1,3,1
1270,UCW13,36,primacy- recency effect maybe professors should take this into account when lecturing.,TUTORIAL 2,I like this point,2,2,0,1,1,6,4
1288,UCW13,323,find that memorable moment ummmmm the point where you tell the audience your findings.....or maybe what it means for the future??,TUTORIAL 3,I like this point,1,0,0,0,3,4,1
1266,UCW13,173,I love the hand drawn animations highly effective. I wonder how/if this will work for scientific presentations at conferences?,TUTORIAL 1,I like this point,0,3,0,0,6,9,3
1088,UCW7,379,when your job is creative incentives stress you out and if it is routine work is it useful,TUTORIAL 2,I like this point,0,0,0,1,1,2,0
1083,UCW7,128,listening and reading the slides at the same time difficult is a good point,TUTORIAL 1,I like this point,1,0,0,1,4,6,1
1094,UCW7,234,smiling is showing confidence,TUTORIAL 4,I like this point,1,0,0,0,2,3,1
1086,UCW7,116,The second opening statement was definitely better,TUTORIAL 2,I like this point,0,0,1,0,1,2,1
1090,UCW7,109,giving your audience a reason to listen,TUTORIAL 3,I like this point,1,0,0,0,3,4,1
1085,UCW7,29,people remember first and last thing someone says,TUTORIAL 2,I like this point,2,0,0,0,5,7,2
1084,UCW7,152,"do the presentation like a story, a beginning, middle and end.",TUTORIAL 1,I like this point,2,0,0,0,2,4,2
1089,UCW7,85,making themes clear and consistent is a good point,TUTORIAL 3,I like this point,2,1,0,0,1,4,3
1091,UCW7,251,make numbers meaningful,TUTORIAL 3,I like this point,0,0,0,0,2,2,0
1087,UCW7,318,firework example was good point,TUTORIAL 2,I like this point,0,1,0,0,1,2,1
1093,UCW7,132,useful to know what to do with arms when presenting,TUTORIAL 4,I like this point,1,0,0,0,3,4,1
1299,UCW8,164,Selling stories when you do presentations,TUTORIAL 1,I like this point,2,1,0,0,2,5,3
1311,UCW8,405,practice makes perfect,TUTORIAL 3,I like this point,0,0,0,0,1,1,0
1302,UCW8,447,"first and last three mins are important, marked!",TUTORIAL 2,I like this point,0,0,0,0,2,2,0
1318,UCW8,289,"I agree at this point, making eye contact",TUTORIAL 4,I like this point,0,0,0,0,2,2,0
1142,LstudyID599,81,Rather than bullets/graphs/points - think about the presentation as a story with a beginning/middle and end,TUTORIAL 1,No Aspect Selected,0,1,0,1,3,5,1
902,LstudyID636,32,All of these things relate to confidence.,TUTORIAL 4,No Aspect Selected,1,1,1,0,3,6,3
1118,LstudyID732,198,"Clear ending, the audience leaves remembering the main idea.",EXAMPLE 1,No Aspect Selected,0,0,0,0,3,3,0
1124,UCM34,85,Boring like the pace this presentation is moving at.,TUTORIAL 2,No Aspect Selected,0,0,0,1,1,2,0
1125,UCM34,300,I do not feel that any of those presentation 'slices' were effective.,TUTORIAL 2,No Aspect Selected,0,2,1,0,0,3,3
1127,UCM34,161,Words are not as important as tone of voice and body language for this.,TUTORIAL 3,No Aspect Selected,0,0,0,1,2,3,0
1122,UCM34,26,This doesn't seem like a good presentation already :(,TUTORIAL 2,No Aspect Selected,0,1,2,3,2,8,3
1123,UCM34,60,Background is distracting.,TUTORIAL 2,No Aspect Selected,0,0,0,2,2,4,0
1378,UCT21,97,"use props as needed, don't go overboard!",TUTORIAL 1,No Aspect Selected,0,0,1,0,3,4,1
1381,UCT21,278,"using anecdotes, stories as a opener works brilliantly",TUTORIAL 2,No Aspect Selected,0,0,0,0,2,2,0
1140,UCT23,21,enlighting,TUTORIAL 1,No Aspect Selected,2,0,2,0,4,8,4
1437,UCT26,246,Silence or pause may be a good idea if we don't have time limit,TUTORIAL 4,No Aspect Selected,0,0,0,0,2,2,0
1426,UCT26,126,"Using ""low-tech"" tools are a new thing for me. I always thought that PowerPoint is the best tool to make a presentation. I do realise using so many figures would distract audiences. Therefore, I hide the text only for me to read in my laptop.",TUTORIAL 1,No Aspect Selected,1,0,1,1,2,5,2
803,UCT27,265,I never thought opening and closing are quite vital until now,TUTORIAL 2,No Aspect Selected,1,0,0,0,2,3,1
802,UCT27,8,Jim has developed a better way to improve is presentation,TUTORIAL 1,No Aspect Selected,0,1,3,2,4,10,4
1293,UCW13,22,"smile,silence",TUTORIAL 4,No Aspect Selected,1,1,0,0,2,4,2
1283,UCW13,110,reason to listen,TUTORIAL 3,No Aspect Selected,1,0,0,0,2,3,1
1291,UCW13,5,gee do i need this....,TUTORIAL 4,No Aspect Selected,0,1,1,0,0,2,2
1274,UCW13,159,"I like this factual, slightly funny, with a good point which is easy to understand.",TUTORIAL 2,No Aspect Selected,1,0,0,0,2,3,1
1295,UCW13,87,dont claspe,TUTORIAL 4,No Aspect Selected,0,2,0,0,0,2,2
1286,UCW13,287,treat it like a show high points and low points,TUTORIAL 3,No Aspect Selected,0,0,0,1,2,3,0
1285,UCW13,187,be excited,TUTORIAL 3,No Aspect Selected,0,0,1,0,1,2,1
1281,UCW13,69,set the theme,TUTORIAL 3,No Aspect Selected,2,1,0,0,1,4,3
1297,UCW13,107,dont grasp the lectern,TUTORIAL 4,No Aspect Selected,0,0,1,0,1,2,1
1284,UCW13,136,"great for multiple point presentation, in science this happens for key note addresses",TUTORIAL 3,No Aspect Selected,1,1,0,0,1,3,2
1280,UCW13,433,close first ..... know the end of the story. Start then move the story to its end,TUTORIAL 2,No Aspect Selected,0,0,0,0,2,2,0
1277,UCW13,334,to summaries good start to the end,TUTORIAL 2,No Aspect Selected,1,0,1,0,0,2,2
1276,UCW13,314,"Its not just fireworks displays, often things being watched by groups tend to come to a crescendo... food for thought",TUTORIAL 2,No Aspect Selected,0,0,2,0,0,2,2
1292,UCW13,18,"stance, sound",TUTORIAL 4,No Aspect Selected,1,1,0,0,1,3,2
1298,UCW13,145,lower your shoulders,TUTORIAL 4,No Aspect Selected,0,1,0,0,1,2,1
1289,UCW13,387,oh and one last thing.....may this is where you tell the audience how this effects the future....,TUTORIAL 3,No Aspect Selected,0,0,0,0,1,1,0
941,UCW6,20,I wouldn't use a lectern at all. I'd come in front.- barrier,TUTORIAL 4,No Aspect Selected,0,1,1,0,0,2,2
936,UCW6,272,simple visuals,TUTORIAL 3,No Aspect Selected,0,0,1,0,2,3,1
932,UCW6,103,headline,TUTORIAL 3,No Aspect Selected,0,0,0,0,2,2,0
933,UCW6,140,"outline, clear transition from section to section",TUTORIAL 3,No Aspect Selected,0,0,0,0,3,3,0
934,UCW6,166,fun (not boring) language,TUTORIAL 3,No Aspect Selected,0,0,0,0,2,2,0
930,UCW6,425,finish with one punch word,TUTORIAL 2,No Aspect Selected,0,0,0,0,1,1,0
945,UCW6,259,I like the humor. no outline but tells a story. I like it better than having an outline of the talk i nthe intro,EXAMPLE 2,No Aspect Selected,0,0,1,0,1,2,1
947,UCW6,59,The beginning isn't really wow.,EXAMPLE 4,No Aspect Selected,1,0,1,1,1,4,2
946,UCW6,158,Idon't like his delivery - speaks too fast and a bit mumbling and confused,EXAMPLE 3,No Aspect Selected,1,0,1,0,1,3,2
937,UCW6,30,does all of this apply to a research talk?,TUTORIAL 3,No Aspect Selected,0,1,0,0,3,4,1
938,UCW6,324,memorable moments of my presentation?,TUTORIAL 3,No Aspect Selected,0,1,0,0,1,2,1
939,UCW6,392,"I don't quite get the added bonus thing - something to think about, esp. for a research talk",TUTORIAL 3,No Aspect Selected,0,0,0,0,2,2,0
931,UCW6,75,set the theme,TUTORIAL 3,No Aspect Selected,0,1,0,0,1,2,1
928,UCW6,298,"interesting examples, engagement of audience,",TUTORIAL 2,No Aspect Selected,0,0,0,0,2,2,0
929,UCW6,405,quotation,TUTORIAL 2,No Aspect Selected,0,0,1,1,1,3,1
940,UCW6,24,Stance Sound Smile Silence Sight,TUTORIAL 4,No Aspect Selected,2,1,0,0,1,4,3
927,UCW6,106,less is more = 1 key idea per slide,TUTORIAL 1,No Aspect Selected,2,0,0,0,4,6,2
935,UCW6,220,make numbers meaningful,TUTORIAL 3,No Aspect Selected,0,0,0,0,2,2,0
943,UCW6,335,try to do lasting contact with majority of audience,TUTORIAL 4,No Aspect Selected,0,0,0,0,2,2,0
942,UCW6,259,Silence is good for listeners to catch up as well,TUTORIAL 4,No Aspect Selected,0,1,0,0,1,2,1
1092,UCW7,394,approach presentations as an event,TUTORIAL 3,No Aspect Selected,2,0,0,0,1,3,2
1100,UCW7,85,did not have a snappy introduction,EXAMPLE 4,No Aspect Selected,0,0,0,0,2,2,0
1082,UCW7,58,Having headings and subheadings and graphs that had a lot of information was something I have done and have seen others do in the past,TUTORIAL 1,No Aspect Selected,1,0,0,0,6,7,1
1163,LstudyID599,69,talking too fast,EXAMPLE 1,Speech,0,0,0,2,1,3,0
1204,LstudyID599,40,not using silence/pauses and speaking quickly,EXAMPLE 3,Speech,1,2,0,0,3,6,3
1206,LstudyID599,104,speaking quickly,EXAMPLE 3,Speech,0,0,0,0,2,2,0
1175,LstudyID599,148,slow measured speech,EXAMPLE 2,Speech,0,0,1,0,1,2,1
1174,LstudyID599,86,voice variation for clarity of points,EXAMPLE 2,Speech,1,0,1,0,1,3,2
1216,LstudyID599,47,Good slow speach-appears confident,EXAMPLE 4,Speech,1,0,0,0,4,5,1
1106,LstudyID732,145,"Diction is not great, I didn't catch that last sentence.",EXAMPLE 3,Speech,0,0,2,0,0,2,2
1107,LstudyID732,146,"I like the way he seems to be speaking freely, i.e. not completely scripted word for word.",EXAMPLE 3,Speech,0,1,0,0,3,4,1
1136,UCM34,101,Using obviously is bad.,EXAMPLE 3,Speech,0,0,2,0,0,2,2
1444,UCT26,49,i sense nervous in his voice,EXAMPLE 3,Speech,0,0,0,0,3,3,0
1446,UCT26,39,"refer to the previous video, I don't think we need to introduce ourselves in the beginning of the speech.",EXAMPLE 4,Speech,1,0,0,1,3,5,1
944,UCW6,2,"Nice visuals, great referral to some; i sort of expected him to refer to other ones as well. nice voice and eye contact. catch in the beginning",EXAMPLE 1,Speech,1,0,0,1,6,8,1
1098,UCW7,111,speech is too fast difficult to follow,EXAMPLE 3,Speech,0,0,0,2,1,3,0
1095,UCW7,95,very engaging speech,EXAMPLE 1,Speech,0,0,0,1,1,2,0
1097,UCW7,46,speech is not as clear as it could be,EXAMPLE 3,Speech,0,0,0,0,3,3,0
1330,UCW8,18,he got a nice research topic which allows him to give a nice presentation.,EXAMPLE 1,Speech,0,0,1,3,2,6,1
1213,LstudyID599,31,complex start for none familiar,EXAMPLE 4,Structure,1,0,1,1,1,4,2
1177,LstudyID599,497,excellent story/narrative,EXAMPLE 2,Structure,0,0,0,0,2,2,0
1218,LstudyID599,175,Good summary/end commentary,EXAMPLE 4,Structure,0,0,0,0,2,2,0
1164,LstudyID599,70,good opener,EXAMPLE 1,Structure,0,0,0,1,1,2,0
1205,LstudyID599,88,hasn't set out the story or structure of the presentation - don't know what the headline/arguement is,EXAMPLE 3,Structure,1,0,0,1,3,5,1
904,LstudyID636,407,taking too long to get to the main point of the talk.,EXAMPLE 2,Structure,0,1,0,2,1,4,1
903,LstudyID636,49,"Just like first 2 videos, this is linked to telling a story.",EXAMPLE 1,Structure,0,0,0,0,3,3,0
1115,LstudyID732,106,"Good place for the quip - right in the middle. As a result, you can tell he's serious but also adds a sense of humour to his presentation.",EXAMPLE 1,Structure,0,1,0,1,1,3,1
1116,LstudyID732,119,Use of analogy is good. The audience can relate the idea something that's established and perhaps better understood.,EXAMPLE 1,Structure,0,0,1,0,2,3,1
1109,LstudyID732,323,"Repetition of ""I want a web.."" is a nice hook that collects the points nicely.",EXAMPLE 3,Structure,2,1,0,0,2,5,3
1113,LstudyID732,30,Awesome intro. Great pause after 'begins'. Attention is gained immediately with the promise of a story.,EXAMPLE 1,Structure,1,1,0,0,5,7,2
1110,LstudyID732,374,"Reaching conclusion, a nice way to sum up, as this is the first time the title of the talk has been mentioned.",EXAMPLE 3,Structure,0,0,0,0,3,3,0
1138,UCM34,228,Feel like we are getting side tracked.,EXAMPLE 3,Structure,0,1,1,1,0,3,2
1135,UCM34,187,"I guess the structure is really good, since it seemed to flow smoothly from trees in the pacific northwest to statistics and computers.",EXAMPLE 1,Structure,0,0,0,0,3,3,0
1139,UCM34,252,Too many points? Should I be worried about censorship or privacy or both.,EXAMPLE 3,Structure,0,1,1,0,0,2,2
1141,UCT23,177,She doesn't have a firm posture.,EXAMPLE 2,Structure,0,0,0,0,2,2,0
1440,UCT26,169,no outline?,EXAMPLE 1,Structure,0,0,1,1,1,3,1
1102,UCW7,172,clear speech,EXAMPLE 4,Structure,0,0,0,0,2,2,0
1207,LstudyID599,129,good simple visuals so far though,EXAMPLE 3,Visual aids,0,0,1,0,1,2,1
1214,LstudyID599,35,confusing visual,EXAMPLE 4,Visual aids,0,0,1,1,2,4,1
1173,LstudyID599,33,good/simple visuals,EXAMPLE 2,Visual aids,2,0,0,0,4,6,2
1104,LstudyID732,296,"Written content of the slides is low, keeping the focus on the audible content.",EXAMPLE 2,Visual aids,0,0,1,0,1,2,1
1108,LstudyID732,243,"Clear message from the slide. Nothing to read, puts focus on the speech.",EXAMPLE 3,Visual aids,0,1,0,0,1,2,1
1111,LstudyID732,54,There is perhaps too much on that slide for me.,EXAMPLE 4,Visual aids,0,0,2,1,1,4,2
1134,UCM34,41,Excellent use of visual aids. Simple and only refered to when necessary.,EXAMPLE 1,Visual aids,0,0,0,1,4,5,0
1439,UCT26,137,only one slide,EXAMPLE 1,Visual aids,0,1,2,0,0,3,3
1441,UCT26,156,"i think two big screens in front of the speaker are a helpful tool for giving a hint of next slide. Or, maybe a transcribed text.",EXAMPLE 2,Visual aids,0,1,0,0,1,2,1
1096,UCW7,119,good use of pictures and graphics,EXAMPLE 2,Visual aids,0,0,0,1,2,3,0
1099,UCW7,122,nice visual aids,EXAMPLE 3,Visual aids,0,0,0,0,3,3,0
1331,UCW8,497,she is a nice speaker.,EXAMPLE 2,Visual aids,0,0,0,0,2,2,0
1513,LstudyID030,388,nice ending,EXAMPLE 3,Delivery,0,0,0,0,1,1,0
1500,LstudyID030,89,good hand gesture,EXAMPLE 1,Delivery,0,0,0,0,2,2,0
1516,LstudyID030,51,very good posture,EXAMPLE 4,Delivery,0,0,1,0,3,4,1
1503,LstudyID030,33,very nice opening,EXAMPLE 2,Delivery,0,0,0,0,4,4,0
1512,LstudyID030,341,very good pauses to make it more important,EXAMPLE 3,Delivery,0,0,1,0,1,2,1
1565,LstudyID514,249,He's definitely passionate about the subject,EXAMPLE 3,Delivery,0,0,0,0,0,0,0
1566,LstudyID514,204,Very well delivered,EXAMPLE 4,Delivery,0,0,0,0,0,0,0
1539,LstudyID912,144,"Good use of gestures, emphasises her points",EXAMPLE 4,Delivery,0,0,0,0,3,3,0
1533,LstudyID912,226,"Sounds like she's explaining this to a friend, so it's very easy to follow and doesn't feel like a traditional presentation",EXAMPLE 2,Delivery,0,0,0,0,6,6,0
1530,LstudyID912,200,"Very clear, well-practised. Good use of pauses.",EXAMPLE 1,Delivery,0,0,1,0,2,3,1
1041,UCM33,74,"Again did you see how she is pointing at the point that she is showing the audience, meaning she got the traits when compared to Video No 5 that did a presentation on the same platform(Ontario). In fact this presentation is way cool.",EXAMPLE 4,Delivery,1,0,0,0,1,2,1
822,UCT18,117,the diagram is useful for explaining a concept,EXAMPLE 4,Delivery,1,0,0,0,1,2,1
819,UCT18,417,she moves around a lot when speaking,EXAMPLE 2,Delivery,0,0,0,0,1,1,0
815,UCT18,121,He makes good eye contact,EXAMPLE 1,Delivery,1,0,0,0,1,2,1
1546,UCT19,163,she introduces who she is at the 2.40 mark after she has the attention of the audience,EXAMPLE 2,Delivery,0,0,0,0,1,1,0
1543,UCT19,170,effective use of his hand in emphasizing various points,EXAMPLE 1,Delivery,0,0,0,0,1,1,0
1557,UCT20,76,"I like the humour and even though it's obviously a complicated topic, his treatment of it is really accessible.",EXAMPLE 1,Delivery,2,0,0,0,4,6,2
1338,UCT39,153,"Very short, the slide well organized, no text at all but still give a clear idea of his speech, he explained his research in 3 min and was so easy to understand even if you have nothing to do with chemistry",EXAMPLE 1,Delivery,1,0,0,0,3,4,1
986,UCW11,0,Better explanation of research idea,EXAMPLE 1,Delivery,0,1,0,1,4,6,1
799,UCW15,228,Swaying is a bit distracting,EXAMPLE 2,Delivery,0,1,0,0,1,2,1
795,UCW15,45,He clasps his hands a lot while he speaks,EXAMPLE 1,Delivery,0,0,1,0,1,2,1
1562,UCW15,64,Fantastic vocal variety,EXAMPLE 3,Delivery,0,0,2,0,0,2,2
1424,UCW2,200,The presentation was clear with not too much technical jargons. He relates quite well to the general audience.,EXAMPLE 1,Delivery,0,0,0,1,2,3,0
1273,UCW4,141,the way of information delivery is quite clear for those who without computer science and chemical background.,EXAMPLE 1,Delivery,0,0,1,0,2,3,1
1185,UCW5,43,The speed can be slowed down just very slightly in the beginning as the audience grasps what he is trying to say but is otherwise good overall,EXAMPLE 1,Delivery,0,0,2,1,0,3,2
1188,UCW5,172,Slightly too much moving around on stage for me.,EXAMPLE 2,Delivery,0,0,0,0,3,3,0
1195,UCW5,177,Needs to slow down. Add some pauses.,EXAMPLE 3,Delivery,0,0,0,0,2,2,0
1183,UCW5,65,Great way to draw the audience in with the interesting opening,EXAMPLE 1,Delivery,0,0,0,1,2,3,0
1524,LstudyID912,167,I think I'm quite good at showing my enthusiasm for my research topics. I think it's also important not to overdo it.,TUTORIAL 3,I am rather good at this,0,0,0,0,4,4,0
1004,UCM33,172,Yes! keeping the audience ''wanting'' like wanting to hear from you more. I agree with that,TUTORIAL 3,I am rather good at this,0,0,0,0,1,1,0
1012,UCM33,290,"Yes! the eye contact works like magic, i always use that and have seen the benefit.",TUTORIAL 4,I am rather good at this,1,0,0,0,1,2,1
808,UCT18,258,I like using visual slides to present,TUTORIAL 3,I am rather good at this,0,0,0,0,1,1,0
814,UCT18,310,Making eye contact with the audience helps me calm down,TUTORIAL 4,I am rather good at this,0,0,0,0,1,1,0
1305,UCT39,48,"Agree with this point, it is good to have graphs, charts, pics, as economist i always use them",TUTORIAL 1,I am rather good at this,1,0,0,1,7,9,1
981,UCW11,74,set the theme of your talk,TUTORIAL 3,I am rather good at this,1,1,0,0,2,4,2
984,UCW11,380,Rehearse enough before presentation,TUTORIAL 3,I am rather good at this,0,0,0,0,1,1,0
1245,UCW4,136,open&close each section with a clear transition(here is the first thing I'd like to share you this morning),TUTORIAL 3,I am rather good at this,1,0,0,0,4,5,1
1242,UCW4,78,make sure the theme clear and consistent through out the presentation,TUTORIAL 3,I am rather good at this,1,0,0,0,4,5,1
1180,UCW5,36,Having a confident stance really helps to get me ready mentally to present,TUTORIAL 4,I am rather good at this,1,1,0,0,5,7,2
1489,LstudyID030,136,Create sections and close each section with a transition,TUTORIAL 3,I did/saw this in the past,2,0,1,0,4,7,3
1491,LstudyID030,260,visuals are important,TUTORIAL 3,I did/saw this in the past,0,0,0,0,2,2,0
1493,LstudyID030,365,rehearsing is important,TUTORIAL 3,I did/saw this in the past,0,0,0,0,1,1,0
1145,LstudyID242,1,Powerpoint presentations can be distracting and possibly misleading. If used incorrectly they can actually detract from the message that you are trying to convey. Traditional powerpoint users overload the slides and do not allow viewers a chance t focus on the key point. Powerpoint presentations are not always necessary and other presentation methods are just as suitable. When using powerpoint less is more,TUTORIAL 1,I did/saw this in the past,5,2,0,1,12,20,7
1146,LstudyID242,42,First and last points of presentation are those best remembered. Middle points often are forgotten,TUTORIAL 2,I did/saw this in the past,1,1,0,1,2,5,2
1169,LstudyID491,36,I have actually seen this video before and have used it when preparing for a presentation,TUTORIAL 3,I did/saw this in the past,0,1,0,0,3,4,1
1166,LstudyID491,102,I try to consciously remember this - it's very easy to get lost when designing presentations by thinking that more images or more text will help to better explain yout point,TUTORIAL 1,I did/saw this in the past,1,2,0,1,4,8,3
1529,LstudyID912,312,"I'm aware that I don't hold enough eye contact, but it's difficult for me to do - I tend to scan the audience instead",TUTORIAL 4,I did/saw this in the past,1,0,1,0,1,3,2
1517,LstudyID912,49,That does sound like quite a few presentations that I've done before...,TUTORIAL 1,I did/saw this in the past,1,2,2,0,1,6,5
806,UCT18,124,Interesting that he gives a summary of some of the points in his talk as an opener. And effective,TUTORIAL 2,I did/saw this in the past,0,0,0,0,1,1,0
1328,UCT19,308,Eye contact  is important,TUTORIAL 4,I did/saw this in the past,0,0,0,0,1,1,0
908,UCT19,281,provide context,TUTORIAL 3,I did/saw this in the past,0,0,1,0,1,2,1
1553,UCT20,173,"Apologising for technical difficulties, predictable introductions... this has definitely been me. I will definitely be thinking of engaging ways to begin conference presentations in future.",TUTORIAL 2,I did/saw this in the past,1,0,0,0,1,2,1
1226,UCT37,75,"The ""story approach"" is something I already try to do.",TUTORIAL 1,I did/saw this in the past,1,1,1,0,4,7,3
1334,UCT39,125,"This is my main problem, a lack of confidence, the way we stand I can still control and force myself, but breathing I find very difficult to control€ I do Pilates and yoga, believe this can help..",TUTORIAL 4,I did/saw this in the past,1,0,0,1,4,6,1
1336,UCT39,223,"I force myself to smile as much I can, it is may be forced smile, but I try to do it as often as I can",TUTORIAL 4,I did/saw this in the past,1,1,0,1,1,4,2
1335,UCT39,177,adding a tone variations to my speech I find the most difficult,TUTORIAL 4,I did/saw this in the past,1,0,0,1,1,3,1
1320,UCT39,70,"Usually, I used to open some of my presentations with few sentences about myself, remember once was very successful and this how people remember me later on the conference, I guess depend on your audience or purpose€",TUTORIAL 2,I did/saw this in the past,1,1,0,0,3,5,2
977,UCW11,10,structure the presentation,TUTORIAL 1,I did/saw this in the past,2,1,0,0,7,10,3
979,UCW11,280,Effective use of words is must,TUTORIAL 2,I did/saw this in the past,0,0,0,0,2,2,0
789,UCW15,145,Using the notes section on Powerpoint can backfire if the person setting you up doesn't use presenter view and you haven't memorised those notes,TUTORIAL 1,I did/saw this in the past,2,2,0,1,2,7,4
786,UCW15,39,"Busy, complex charts feature heavily in scientific presentations, and often cause people to miss the point and get confused",TUTORIAL 1,I did/saw this in the past,2,3,0,1,9,15,5
1261,UCW4,163,speak with a slow and an understandable pace.,TUTORIAL 4,I did/saw this in the past,1,1,0,0,1,3,2
1259,UCW4,95,use hands to gesture and add impact on my speech,TUTORIAL 4,I did/saw this in the past,2,0,0,0,2,4,2
1168,UCW5,66,"I did do some of what Jim used to do in the past.It also confirms the need to practise, practise, practise to get it great.",TUTORIAL 1,I did/saw this in the past,3,1,0,0,3,7,4
1496,LstudyID514,100,"Good to consider alternative ways of giving presentations, other than power point.",TUTORIAL 1,I didnt realize I wasnt doing this,1,1,0,1,2,5,2
1497,LstudyID514,66,Very interesting,TUTORIAL 2,I didnt realize I wasnt doing this,0,0,0,0,2,2,0
1523,LstudyID912,136,signpost the structure of the presentation verbally,TUTORIAL 3,I didnt realize I wasnt doing this,1,1,0,0,2,4,2
1528,LstudyID912,245,"I want to work on incorporating more pauses, but I'm always afraid of running out of time",TUTORIAL 4,I didnt realize I wasnt doing this,0,1,0,0,3,4,1
1522,LstudyID912,64,"""single headline"" is the story that runs through the presentation; important to make sure the presentation clearly communicates it",TUTORIAL 3,I didnt realize I wasnt doing this,2,0,0,0,8,10,2
1526,LstudyID912,56,I didn't notice until now how much I tend to move around during a presentation,TUTORIAL 4,I didnt realize I wasnt doing this,0,0,1,0,2,3,1
1520,LstudyID912,303,So beginning needs to really catch your attention - some trivia or interesting statistics seem to work,TUTORIAL 2,I didnt realize I wasnt doing this,0,0,0,0,2,2,0
1005,UCM33,311,Like live show that is is cool.,TUTORIAL 3,I didnt realize I wasnt doing this,0,0,0,0,1,1,0
1325,UCT19,201,Stance is an interesting concept and definitely new to me,TUTORIAL 4,I didnt realize I wasnt doing this,1,0,1,0,1,3,2
1555,UCT20,297,"I recently did a presentation with minimal notes to ensure that I was making lots of eye contact and varying my voice in a more natural way. Watching this, I think I probably did a lot of distracting things with movement and posture.",TUTORIAL 4,I didnt realize I wasnt doing this,1,0,0,0,1,2,1
1243,UCT37,357,"Summary: Stance, sound, smile, silence, sight",TUTORIAL 4,I didnt realize I wasnt doing this,0,0,0,0,1,1,0
793,UCW15,314,5-7 seconds of eye contact,TUTORIAL 4,I didnt realize I wasnt doing this,1,0,0,0,1,2,1
790,UCW15,113,Don't make your introduction too short,TUTORIAL 2,I didnt realize I wasnt doing this,0,1,1,0,0,2,2
792,UCW15,126,Make the transitions between your outline items clear,TUTORIAL 3,I didnt realize I wasnt doing this,2,0,0,0,2,4,2
1263,UCW4,172,use variations (high tone and low tone),TUTORIAL 4,I didnt realize I wasnt doing this,2,0,0,0,2,4,2
1265,UCW4,272,use silence,TUTORIAL 4,I didnt realize I wasnt doing this,0,0,0,0,1,1,0
1239,UCW4,449,give priotity to the first and last three minutes.,TUTORIAL 2,I didnt realize I wasnt doing this,0,0,0,0,2,2,0
1257,UCW4,61,firm stable stand,TUTORIAL 4,I didnt realize I wasnt doing this,0,0,1,0,1,2,1
1246,UCW4,175,wow your audience,TUTORIAL 3,I didnt realize I wasnt doing this,0,1,0,0,1,2,1
1249,UCW4,273,paint a simple picture that does't overwhelm,TUTORIAL 3,I didnt realize I wasnt doing this,1,0,1,0,2,4,2
1170,UCW5,49,I've been doing openings well but not proper closings,TUTORIAL 2,I didnt realize I wasnt doing this,2,0,2,0,2,6,4
1487,LstudyID030,447,providing good summary at the end is important.,TUTORIAL 2,I like this point,0,0,0,0,1,1,0
1486,LstudyID030,307,I need to include the reason why the research is important at the beginning of the talk.,TUTORIAL 2,I like this point,2,0,0,0,3,5,2
1485,LstudyID030,38,I was not aware of this. Interesting that the beginning and end is important,TUTORIAL 2,I like this point,1,0,0,0,2,3,1
1484,LstudyID030,118,This is really good advice!,TUTORIAL 1,I like this point,1,1,1,0,1,4,3
1492,LstudyID030,326,Identify memorable moment,TUTORIAL 3,I like this point,0,0,0,0,1,1,0
1494,LstudyID030,272,Pauses and silence is important when presenting,TUTORIAL 4,I like this point,0,1,0,0,1,2,1
1490,LstudyID030,252,make numbers meaningful for the audience to understand,TUTORIAL 3,I like this point,0,0,0,0,3,3,0
1488,LstudyID030,103,creating headlines,TUTORIAL 3,I like this point,1,0,0,0,2,3,1
1167,LstudyID491,170,I really like that she started with story - very interesting,TUTORIAL 2,I like this point,1,0,0,0,3,4,1
1171,LstudyID491,244,I have never had cause to discuss numbers in a presentation but this is an excellent point and I will definitely consider this in the future,TUTORIAL 3,I like this point,0,0,0,0,2,2,0
1501,LstudyID514,303,Tell a memorable story can be a good way to start a presentation.,TUTORIAL 2,I like this point,0,0,0,0,2,2,0
1495,LstudyID514,88,"This is interesting, staying low tech to help think more creatively.",TUTORIAL 1,I like this point,0,0,0,0,4,4,0
1079,LstudyID855,113,"ok, but I'm giving a technical talk, not talking about something so dramatic",TUTORIAL 2,I like this point,0,0,1,1,3,5,1
1080,LstudyID855,438,I like the idea of working from the conclusion backward,TUTORIAL 2,I like this point,0,0,0,0,2,2,0
1077,LstudyID855,70,"this is something that I've been thinking, that you need to have a narrative to engage people's attention, but I had no idea how to go about it",TUTORIAL 1,I like this point,5,0,0,0,6,11,5
1521,LstudyID912,432,Good point - start preparations with go-home message and then make sure that the whole presentation leads to it,TUTORIAL 2,I like this point,1,1,0,0,1,3,2
1518,LstudyID912,83,Useful tip - start with pen and paper to play with initial ideas,TUTORIAL 1,I like this point,0,0,0,0,5,5,0
1519,LstudyID912,112,Useful tip - one idea per slide,TUTORIAL 1,I like this point,2,0,1,0,1,4,3
1525,LstudyID912,282,Including more visuals is something I want to work on,TUTORIAL 3,I like this point,0,0,0,0,2,2,0
1527,LstudyID912,162,Good tip about relaxing posture to help with speaking clearly,TUTORIAL 4,I like this point,1,0,0,0,2,3,1
1008,UCM33,25,"Wow! i did not know that silence is also among the confident trait, but how can?",TUTORIAL 4,I like this point,1,1,0,0,3,5,2
1007,UCM33,402,'One more thing' I think i will take that point because it captures your audience attention.,TUTORIAL 3,I like this point,0,0,0,0,1,1,0
1010,UCM33,97,OK. i think i got her message now is not that you keep totally still but compose your self and present it maturely.,TUTORIAL 4,I like this point,0,0,0,0,1,1,0
1003,UCM33,147,"Making it easy for your audience to follow you by identifying the theme. Educating, as a research student i am getting the tips on the best way to do my presentation better than i know before.",TUTORIAL 3,I like this point,0,0,0,0,3,3,0
1006,UCM33,339,0,TUTORIAL 3,I like this point,0,0,0,0,0,0,0
1002,UCM33,444,Knowing how to Open and closing presentation is the key to a successful presentation.Happy to be watching this.,TUTORIAL 2,I like this point,0,0,0,0,1,1,0
1001,UCM33,314,Before now i think that it is from the center/middle of a presentation (where you explain your methodology and all that stuffs and the conclusion)is the important thing but now i now that the first and last things you say is one the audience remembers must. This is very educating and good for me.,TUTORIAL 2,I like this point,0,0,0,0,3,3,0
999,UCM33,149,"Wow!how to begin a presentation speech, in fact that is so interesting. I must say that i have learnt how to open my presentation, not that i don't know how but just got another powerful insight on that.",TUTORIAL 2,I like this point,0,0,0,0,1,1,0
993,UCM33,161,This is a good tutorial and i even learnt to have points on paper only me can see instead of having alot of texts on the slides.This is good.,TUTORIAL 1,I like this point,1,0,0,0,2,3,1
1009,UCM33,58,"But i initially thought that if you are moving your body some how it indicates confidence, now is a kind of staying still is the trait. Well am learning.",TUTORIAL 4,I like this point,0,0,0,0,3,3,0
810,UCT18,402,like the 'one more thing' idea,TUTORIAL 3,I like this point,0,0,0,0,0,0,0
809,UCT18,325,Good idea to work towards a memorable moment,TUTORIAL 3,I like this point,0,1,0,0,3,4,1
807,UCT18,434,I like this idea of keeping the end goal in mind first and then working towards it.,TUTORIAL 2,I like this point,2,0,0,0,0,2,2
805,UCT18,86,I like the idea of only using props / visual aids if you need them to tell your story - and otherwise leaving them out,TUTORIAL 1,I like this point,0,0,0,0,4,4,0
812,UCT18,137,I need to think about my posture to help projection,TUTORIAL 4,I like this point,0,0,0,0,2,2,0
811,UCT18,104,Nice points about keeping your arms at your side for gesturing,TUTORIAL 4,I like this point,0,1,0,0,1,2,1
906,UCT19,286,The presenter tells a story that the audience can identify with thus helping them engage with the presentation immediately.,TUTORIAL 2,I like this point,0,0,0,0,2,2,0
1327,UCT19,244,The use of silence in a presentation,TUTORIAL 4,I like this point,0,0,1,0,1,2,1
909,UCT19,283,Make numbers mean something,TUTORIAL 3,I like this point,0,0,0,0,2,2,0
907,UCT19,279,Provide an outline,TUTORIAL 3,I like this point,0,0,1,0,1,2,1
913,UCT19,404,importance of an encore,TUTORIAL 3,I like this point,0,0,0,0,1,1,0
905,UCT19,164,The amount of preplanning that goes on prior to developing a PowerPoint presentation is greater than my usual experience,TUTORIAL 1,I like this point,0,1,0,0,3,4,1
910,UCT19,290,The importance of transitions,TUTORIAL 3,I like this point,0,2,0,0,2,4,2
1552,UCT20,132,"It's good to be reminded that people can't really listen to what I'm saying while they read a slide. I always try to avoid reading lots of information off slides because people can read faster than what I'm saying aloud, but maybe I include too much text on my slides for independent reading while I talk.",TUTORIAL 1,I like this point,2,0,0,0,2,4,2
1554,UCT20,406,I really like the idea of using only one number or image on a slide and keeping the visuals powerful but simple.,TUTORIAL 3,I like this point,0,0,0,0,1,1,0
1229,UCT37,119,"Provide an outline for presentation using verbal signposts (e.g., ""...and that's the first thing I want to share with you today."")",TUTORIAL 3,I like this point,3,0,0,0,5,8,3
1227,UCT37,439,Summary: prioritise the first and last three minutes of a talk to capitalise on the primacy-recency effect.,TUTORIAL 2,I like this point,0,1,0,0,1,2,1
824,UCT38,375,one last thing:),TUTORIAL 3,I like this point,0,0,0,0,1,1,0
825,UCT38,274,thats a good idea to use silence.Brilliant,TUTORIAL 4,I like this point,0,0,0,0,2,2,0
1313,UCT39,32,I did not know that the beginning and the end of presentation is so important and that this will make the most impact on the audience,TUTORIAL 2,I like this point,1,1,1,0,2,5,3
1329,UCT39,245,"Make numbers meaningful, as I used a lot of numbers and charts, I never thought to make them meaningful. For example, I had a statement saying the trade between NZ and the EU is $20 billions€next time I will try to compare it with something or to say this is 3 times as NZ and China for example€",TUTORIAL 3,I like this point,3,0,0,0,2,5,3
1301,UCT39,39,"Agree with the point that power pint is useful tool for giving a presentation, it helps me to remember what I should say, to stay on the track and not forget something",TUTORIAL 1,I like this point,3,2,0,0,6,11,5
1310,UCT39,135,"Regarding having a good structure, I am used to draw the main ideas and try to make a good structure on the A3 paperThis is great idea, to hide your notes, I will include this in my presentation next time.",TUTORIAL 1,I like this point,2,0,0,0,3,5,2
1326,UCT39,112,"Give the reason to your audience to listen, I never used it before, would like to implement the very next time",TUTORIAL 3,I like this point,2,0,0,0,3,5,2
1337,UCT39,276,"Silence is the best point, will implement for sure",TUTORIAL 4,I like this point,0,0,0,0,1,1,0
1323,UCT39,302,"I like very much the way of telling a story or making a parallel with sports and engaging the audience  with questions, will try to do this next time",TUTORIAL 2,I like this point,0,0,0,0,2,2,0
1324,UCT39,429,"Like very much how the second presenter finished his presentation, it was so effective and gave a clear msg to the audience, focus..",TUTORIAL 2,I like this point,0,0,0,0,2,2,0
980,UCW11,390,Summing up the presentation is most important. Go with less pace.,TUTORIAL 2,I like this point,0,0,0,1,2,3,0
982,UCW11,174,"use energetic words such as awesome, unbelievable, etc. to electrify the audience",TUTORIAL 3,I like this point,0,0,1,0,2,3,1
985,UCW11,362,"stances, sight, sound, silence, smile",TUTORIAL 4,I like this point,0,0,0,0,1,1,0
983,UCW11,244,make numbers meaningful for the audience,TUTORIAL 3,I like this point,0,0,0,0,2,2,0
976,UCW11,6,practice thoroughly,TUTORIAL 1,I like this point,3,0,1,0,10,14,4
978,UCW11,279,good beginning is must to get the confidence,TUTORIAL 2,I like this point,1,0,0,0,3,4,1
785,UCW15,36,I hate when people put an outline of their points on their slides,TUTORIAL 1,I like this point,1,0,0,9,6,16,1
791,UCW15,435,"Create your close first, before preparing the rest of the presentation",TUTORIAL 2,I like this point,0,0,0,0,1,1,0
787,UCW15,96,"I like the idea of using handouts, as it gives people a chance to take material away with them",TUTORIAL 1,I like this point,0,1,1,2,1,5,2
788,UCW15,111,One idea per slide is really effective,TUTORIAL 1,I like this point,1,0,1,0,2,4,2
1422,UCW2,2,"Some of the techniques mentioned may bring on counter effects for different occasion, like being too hard selling. However, I do like the idea of putting numbers into context for the audience. However, the context will be audience dependent.",TUTORIAL 3,I like this point,1,1,0,0,7,9,2
1241,UCW4,12,make numbers meaningful,TUTORIAL 3,I like this point,0,0,0,0,5,5,0
1248,UCW4,247,put the numbers into particular context to make it meaningful,TUTORIAL 3,I like this point,1,0,0,0,1,2,1
1252,UCW4,283,short on bullet points and big on visual,TUTORIAL 3,I like this point,0,0,0,0,3,3,0
1228,UCW4,115,"like the point: less is more, telling a story to engage audience (begin, middle, end with cohesion).",TUTORIAL 1,I like this point,1,0,0,0,3,4,1
1267,UCW4,309,"have eye contact with audience just like a one to one conversation, decrease the distance with them, make sure not to scan the audience.",TUTORIAL 4,I like this point,1,0,1,0,1,3,2
1179,UCW5,347,I never knew even seasoned presenters rehearse!,TUTORIAL 3,I like this point,0,0,0,1,0,1,0
1172,UCW5,109,Great opening!,TUTORIAL 2,I like this point,1,0,0,1,1,3,1
1181,UCW5,123,I like using gestures. Makes me do less nervous things during presentation,TUTORIAL 4,I like this point,0,2,0,0,3,5,2
1182,UCW5,248,"Not enough pauses, that is so true",TUTORIAL 4,I like this point,0,1,0,0,1,2,1
1178,UCW5,181,"Great advice to ""get loose"" during presentations although that's hard to do if you're stressed by presenting!",TUTORIAL 3,I like this point,0,2,0,0,2,4,2
1508,LstudyID030,67,makes good pauses,EXAMPLE 3,No Aspect Selected,0,0,1,0,1,2,1
1483,LstudyID030,49,Yes true. I also use Power point :-),TUTORIAL 1,No Aspect Selected,1,0,2,0,2,5,3
1154,LstudyID242,50,"jumpy, breathless, fidgety, distracting. does not seem rehearsed",EXAMPLE 3,No Aspect Selected,1,0,0,0,4,5,1
1156,LstudyID242,43,quickly states some shocking statistics to outline the problem,EXAMPLE 4,No Aspect Selected,2,0,0,0,2,4,2
1149,LstudyID242,242,relatable topics are key and help understanding,TUTORIAL 2,No Aspect Selected,0,1,0,0,1,2,1
1153,LstudyID242,197,"pace good, interesting presentation, annoying fidgeting",EXAMPLE 2,No Aspect Selected,0,0,1,0,3,4,1
1152,LstudyID242,271,less is more,TUTORIAL 3,No Aspect Selected,1,0,0,0,2,3,1
1151,LstudyID242,175,show passion.,TUTORIAL 3,No Aspect Selected,0,0,1,0,2,3,1
1155,LstudyID242,205,erratic,EXAMPLE 3,No Aspect Selected,0,0,2,1,0,3,2
1147,LstudyID242,103,Start out with something shocking....easy to remember. Grab the viewers attention,TUTORIAL 2,No Aspect Selected,0,0,0,1,3,4,0
1148,LstudyID242,154,use examples people can relate to.,TUTORIAL 2,No Aspect Selected,1,0,0,0,2,3,1
1157,LstudyID242,141,simple language. understandable by a mixed audience,EXAMPLE 4,No Aspect Selected,0,0,0,0,2,2,0
1502,LstudyID514,446,"This seemed to be pitched at commercial presentations, not academic ones...",TUTORIAL 2,No Aspect Selected,0,1,0,0,2,3,1
1081,LstudyID855,368,telling us to present like Steve Jobs is like telling us to run fast like Usain Bolt,TUTORIAL 3,No Aspect Selected,0,0,1,1,1,3,1
1078,LstudyID855,161,great presentation means promotion? this is rather simplistic,TUTORIAL 1,No Aspect Selected,0,1,0,1,3,5,1
1534,LstudyID912,60,"He's speaking a bit fast, but he does make pauses, so it's still easy to follow",EXAMPLE 3,No Aspect Selected,0,0,0,0,2,2,0
1036,UCM33,43,OK. this is a good start/how to start a good and confident presentation if i go by the what i learnt from Video No 3 and 4. This presentation is in fact very interesting so far.,EXAMPLE 4,No Aspect Selected,1,0,0,0,3,4,1
1011,UCM33,186,This the area i do not get 100% the speaking methods,TUTORIAL 4,No Aspect Selected,0,0,1,0,0,1,1
1013,UCM33,43,"OK. that opining method to me is not 100% correct because he is not showing it to the audience but rather just said''as it is in my slide'' even if it is in the slide i think you can as well point it , so that the audience can see it, it will make them follow your presentation just like Video No 2 indicates.",EXAMPLE 1,No Aspect Selected,0,1,1,1,0,3,2
813,UCT18,188,Hadn't thought about using variations in pitch / volume to give dynamics,TUTORIAL 4,No Aspect Selected,1,1,1,0,0,3,3
820,UCT18,128,nice infographics to illustrate data,EXAMPLE 3,No Aspect Selected,0,1,0,0,0,1,1
912,UCT19,350,Practice the presentation,TUTORIAL 3,No Aspect Selected,0,0,0,0,1,1,0
911,UCT19,323,Idntify the one,TUTORIAL 3,No Aspect Selected,0,1,0,0,1,2,1
1366,UCT25,213,raising a question to the audience is an effective way to involve the audience to the presentation.,TUTORIAL 2,No Aspect Selected,1,0,0,0,3,4,1
1367,UCT25,425,brief and concise conclusion is more powerful and more impressive.,TUTORIAL 2,No Aspect Selected,0,0,0,0,2,2,0
1364,UCT25,136,Hiding more notes in one's own notes is a good method.,TUTORIAL 1,No Aspect Selected,1,0,0,0,2,3,1
1373,UCT25,317,visuals are more memorable,TUTORIAL 3,No Aspect Selected,0,0,0,0,4,4,0
1411,UCT25,381,"stance, sound, smile, silence and sight are quite important in speaking",TUTORIAL 4,No Aspect Selected,0,0,0,0,2,2,0
1365,UCT25,172,Using some facts and stories as the beginning of a presentation could attract the attention of audience.,TUTORIAL 2,No Aspect Selected,1,0,0,0,3,4,1
1368,UCT25,58,setting the theme in the beginning of a presentation could catch the eyes of the audience.,TUTORIAL 3,No Aspect Selected,3,0,0,0,3,6,3
1371,UCT25,174,enthusiasm helps a lot attract audience's attention.,TUTORIAL 3,No Aspect Selected,0,0,0,0,5,5,0
1372,UCT25,232,numbers are more catchy,TUTORIAL 3,No Aspect Selected,0,0,0,0,2,2,0
1370,UCT25,144,clear outline and transitions between previous and the following parts could help audience follow your theme.,TUTORIAL 3,No Aspect Selected,0,1,0,0,2,3,1
1369,UCT25,90,"making the theme clear is very important, for most of the audience are not so patient.",TUTORIAL 3,No Aspect Selected,1,0,0,0,3,4,1
1415,UCT25,401,The presentation is quite interesting and vivid by using pictures and numbers.,EXAMPLE 3,No Aspect Selected,0,0,0,0,2,2,0
1362,UCT25,54,"Actually, most of the time I will use these methods, charts, tables, but the effect was not so good.",TUTORIAL 1,No Aspect Selected,1,1,0,2,4,8,2
1363,UCT25,101,"Less is more, the idea is very inspiring for me.",TUTORIAL 1,No Aspect Selected,1,0,0,0,4,5,1
823,UCT38,100,Exactly. Less is more!,TUTORIAL 1,No Aspect Selected,0,0,0,0,5,5,0
1393,UCW10,103,L,TUTORIAL 1,No Aspect Selected,0,1,0,1,0,2,1
1392,UCW10,103,Less is more! This point is very important to draw audiences interesting.,TUTORIAL 1,No Aspect Selected,1,0,0,0,3,4,1
1418,UCW10,159,"Using clear structure, consistently! But speak too far, sometime cannot get the main point. His tone didn't change significantly. Visual tools were used appropriately.",EXAMPLE 3,No Aspect Selected,0,0,1,0,1,2,1
1416,UCW10,146,"Using clear structure, consistently! But speak too far, sometime cannot get the point.",EXAMPLE 3,No Aspect Selected,0,1,1,0,0,2,2
1414,UCW10,53,Making a good open presentation. Using visual tool to present data.,EXAMPLE 2,No Aspect Selected,0,0,0,0,2,2,0
1419,UCW10,222,"Using clear structure, consistently! But speak too far, sometime cannot get the main point. His tone changed significantly. Visual tools were used appropriately.",EXAMPLE 3,No Aspect Selected,0,0,1,0,1,2,1
1404,UCW10,102,Make the theme clear and consistent! Create a headline that sets the direction for your presentation!,TUTORIAL 3,No Aspect Selected,3,0,0,0,3,6,3
1403,UCW10,88,Make the theme clear and consistent!,TUTORIAL 3,No Aspect Selected,1,1,0,0,1,3,2
975,UCW11,163,Practice thoroughly,TUTORIAL 1,No Aspect Selected,1,1,1,0,1,4,3
973,UCW11,112,one idea per slide,TUTORIAL 1,No Aspect Selected,1,0,1,0,2,4,2
972,UCW11,92,Structure the presentation beginning - middle - end,TUTORIAL 1,No Aspect Selected,0,0,0,0,5,5,0
974,UCW11,140,hide notes from people in the slides,TUTORIAL 1,No Aspect Selected,1,0,0,0,3,4,1
1233,UCW4,35,primacy-recency effect,TUTORIAL 2,No Aspect Selected,2,0,0,1,3,6,2
1231,UCW4,23,I need a good beginning and good ending for a presentation and put then together.,TUTORIAL 2,No Aspect Selected,1,0,0,0,6,7,1
1294,UCW4,188,passionate speaker,EXAMPLE 3,No Aspect Selected,0,1,0,0,1,2,1
1202,UCW5,198,"Great confident delivery of message with gestures, stress and tone of voice and pauses and presentation slide",EXAMPLE 4,No Aspect Selected,1,0,0,0,2,3,1
1417,UCW10,154,"Using clear structure, consistently! But speak too far, sometime cannot get the main point. His tone didn't change significantly.",EXAMPLE 3,No Aspect Selected,1,0,2,0,0,3,3
1412,UCT25,200,"In my opinion, this presentation is not so organized and clear. The presenter just used one slide in his whole presentation. He did not give concise theme of his presentation in the beginning.",EXAMPLE 1,No Aspect Selected,0,0,0,4,1,5,0
1421,UCT25,205,"The presentation is quite clear and organized, though I am not so familiar with the terms in medicine.",EXAMPLE 4,No Aspect Selected,0,0,0,0,4,4,0
1420,UCW10,291,"Using clear structure, consistently! But speak too far, sometime cannot get the main point. His tone changed significantly, that's good, because I could realize some primary points. Visual tools were used appropriately.",EXAMPLE 3,No Aspect Selected,0,0,0,0,2,2,0
1413,UCT25,500,"I think this presentation is quite vivid. The presenter used lots of methods to attract the audience's attention, charts, pictures, animations.",EXAMPLE 2,No Aspect Selected,1,0,0,0,2,3,1
1499,LstudyID030,65,nice pauses in speech,EXAMPLE 1,Speech,0,0,0,1,2,3,0
1509,LstudyID030,183,feels a bit nervous,EXAMPLE 3,Speech,0,1,0,0,1,2,1
1190,LstudyID491,44,Carefully outlining whats to come,EXAMPLE 2,Speech,2,1,0,0,4,7,3
1189,LstudyID491,497,Enthusiastic and engaging ending - leaves the audience thinking,EXAMPLE 2,Speech,1,0,0,0,2,3,1
1564,LstudyID514,144,He talks too fast,EXAMPLE 3,Speech,0,0,0,0,0,0,0
1537,LstudyID912,39,"A very standard intro, doesn't really catch attention",EXAMPLE 4,Speech,1,0,0,0,5,6,1
1536,LstudyID912,400,Good closing!,EXAMPLE 3,Speech,0,0,0,0,1,1,0
1532,LstudyID912,93,Very good intonation,EXAMPLE 2,Speech,0,1,1,0,1,3,2
1017,UCM33,219,"If i go with what i learnt from the Video 5th, i will just say that this Sir Tim Berner is a little nervous, you can see it on his face but he got a great presentation there which is can be related to Speech and little Visual aids if compared to No 6th Video (TED-woman presenter)",EXAMPLE 3,Speech,0,0,1,0,1,2,1
1032,UCM33,252,"Correction to the previous comment-If i go with what i learnt from the Video No 2 and , i will just say that Sir Tim Berner is a little nervous, but he got a great presentation there, which can be related as Speech and little Visual aids if compared to No 6th Video (TED-woman presenter) which is completely Visual aids.Great and good speech though.",EXAMPLE 3,Speech,0,0,0,0,2,2,0
1014,UCM33,200,This is more like speech,EXAMPLE 1,Speech,0,0,1,0,0,1,1
821,UCT18,177,Stumbles  -doesn't seem sure of next point?,EXAMPLE 3,Speech,0,0,1,0,0,1,1
1549,UCT19,212,His speech is difficult to follow,EXAMPLE 3,Speech,0,0,0,0,2,2,0
1551,UCT19,165,clear presentation she manages to present what would have been potentially a difficult subject in  a very clear and simple manner  that is easily understood by the audience,EXAMPLE 4,Speech,1,0,0,0,2,3,1
1550,UCT19,384,An excellent conclusion that is also a call for action,EXAMPLE 3,Speech,0,0,1,0,2,3,1
1561,UCT20,80,I'm really enjoying the pace of this presentation. The words are clear and the voice tone engaging.,EXAMPLE 4,Speech,3,0,0,0,3,6,3
1346,UCT39,362,In his speech he highlights the con and pro and at the end he realised the room for improvement. Visual effects were good and supported his speech. Last part was very effective.,EXAMPLE 3,Speech,0,0,0,1,3,4,0
990,UCW11,116,good command over language,EXAMPLE 4,Speech,1,0,0,0,1,2,1
991,UCW11,117,very confident,EXAMPLE 4,Speech,1,0,0,0,1,2,1
797,UCW15,135,Use of analogy,EXAMPLE 1,Speech,0,0,0,0,1,1,0
801,UCW15,430,"""Why should I care about this"" relates talk back to audience",EXAMPLE 2,Speech,1,1,0,0,2,4,2
796,UCW15,109,Use of humour,EXAMPLE 1,Speech,0,0,0,0,1,1,0
1563,UCW15,69,Delivering facts in the context of a story,EXAMPLE 3,Speech,0,0,0,0,2,2,0
1423,UCW2,2,She talks too fast and not interact with the audiences. I can hardly follow her.,EXAMPLE 4,Speech,0,1,2,3,0,6,3
1279,UCW4,220,using variation on speed and voice.,EXAMPLE 2,Speech,0,0,0,0,2,2,0
1287,UCW4,82,"variation on voice, but the speed might be too fast for me(English as a second language)",EXAMPLE 3,Speech,0,0,1,0,1,2,1
1193,UCW5,61,Took a while to get used to his speech style which can be staccato-like,EXAMPLE 3,Speech,0,0,1,0,5,6,1
1196,UCW5,360,I got distracted midway wondering if he has a lisp rather than on the content of his speech,EXAMPLE 3,Speech,0,0,0,1,1,2,0
1505,LstudyID030,498,very nice ending,EXAMPLE 2,Structure,0,0,0,0,1,1,0
1507,LstudyID030,36,very nice beginning,EXAMPLE 3,Structure,0,0,0,0,4,4,0
1514,LstudyID030,41,very good start with main point,EXAMPLE 4,Structure,1,0,0,0,3,4,1
1191,LstudyID491,314,She is cleverly making statistics 'mean something' to the audience,EXAMPLE 2,Structure,0,0,0,0,3,3,0
1511,LstudyID514,200,"Bigger picture/problem, followed by a good analogy",EXAMPLE 1,Structure,2,0,0,1,1,4,2
1540,LstudyID912,203,"Good, succinct closing",EXAMPLE 4,Structure,0,0,0,0,3,3,0
1535,LstudyID912,347,"It's easy to follow, but the structure could have been marked more clearly like 'Now I'll mention some of the dangers' etc.",EXAMPLE 3,Structure,1,0,0,0,3,4,1
817,UCT18,222,She begins with the interesting moment 'the end of gender' and then works toward explaining why she is saying this.,EXAMPLE 2,Structure,1,0,0,0,1,2,1
1544,UCT19,197,"Excellent conclusion""My work is about giving chemists better tools to make better medicines""",EXAMPLE 1,Structure,0,0,1,0,2,3,1
1556,UCT20,51,Opening is really engaging.,EXAMPLE 1,Structure,0,0,0,1,2,3,0
1251,UCT37,30,Good example of a strong specific intro,EXAMPLE 1,Structure,1,0,0,1,6,8,1
1353,UCT39,151,"The speech was very dynamic, it had a clear structure. Nice introduction, main par and effective conlusin the highlight what her research is targeting.",EXAMPLE 4,Structure,1,0,0,0,2,3,1
988,UCW11,166,"use statistics, history",EXAMPLE 3,Structure,0,0,0,0,2,2,0
989,UCW11,167,use statistical data,EXAMPLE 3,Structure,0,0,0,0,1,1,0
794,UCW15,36,Begins with a story to engage audience,EXAMPLE 1,Structure,0,0,1,0,1,2,1
1425,UCW2,273,This presentation is terrible. He talks too fast and the content of his delivery is all over the place. I didn't really get what is the crucial point of his talk.,EXAMPLE 3,Structure,0,1,1,1,0,3,2
1282,UCW4,334,using questions as transition.,EXAMPLE 2,Structure,3,0,0,0,2,5,3
1275,UCW4,181,clear transition from the background to speaker's own research project.,EXAMPLE 1,Structure,0,0,1,0,1,2,1
1199,UCW5,125,A very difficult concept made very digestible!,EXAMPLE 4,Structure,1,0,0,0,2,3,1
1184,UCW5,201,He made a potentially really boring concept very interesting and relatable.,EXAMPLE 1,Structure,0,1,1,0,1,3,2
1197,UCW5,402,"The closing was sort of attention grabbing in a way - where he involves the audience in wanting to ""fight"" for something",EXAMPLE 3,Structure,0,0,0,0,1,1,0
1198,UCW5,62,Great opening by putting into perspective how breast cancer affects people,EXAMPLE 4,Structure,0,0,0,0,3,3,0
1201,UCW5,198,Would have wanted to hear more about the statement she made in closing. but guess there were time constraints,EXAMPLE 4,Structure,0,1,0,0,1,2,1
1192,UCW5,483,Good interpretation of what her data means for the audience,EXAMPLE 2,Structure,0,0,0,0,2,2,0
1506,LstudyID030,34,very nice visual,EXAMPLE 3,Visual aids,1,0,0,0,3,4,1
1498,LstudyID030,61,nice beginning and visual.,EXAMPLE 1,Visual aids,0,0,0,1,2,3,0
1515,LstudyID030,43,very good visual from start,EXAMPLE 4,Visual aids,0,0,1,0,3,4,1
1504,LstudyID030,41,good visual aids,EXAMPLE 2,Visual aids,1,0,0,0,3,4,1
1510,LstudyID030,276,Very good visuals,EXAMPLE 3,Visual aids,0,0,0,0,2,2,0
1186,LstudyID491,204,Relatable again. ,EXAMPLE 2,Visual aids,0,1,0,0,3,4,1
1531,LstudyID912,48,"Visuals, no text, but message is clearly communicated",EXAMPLE 2,Visual aids,0,0,0,0,2,2,0
1538,LstudyID912,71,"Good example with ""Now imagine with me..."" and then move to the slide",EXAMPLE 4,Visual aids,1,0,0,0,2,3,1
1016,UCM33,425,like it,EXAMPLE 2,Visual aids,0,0,0,0,1,1,0
1015,UCM33,3,Cool,EXAMPLE 2,Visual aids,0,0,0,0,4,4,0
818,UCT18,306,striking visual aid to illustrate her point,EXAMPLE 2,Visual aids,0,0,0,0,1,1,0
816,UCT18,210,Visually striking and information slides,EXAMPLE 2,Visual aids,0,0,0,0,1,1,0
1545,UCT19,84,The variety of images used  grab the attention of the viewer,EXAMPLE 2,Visual aids,0,0,0,0,2,2,0
1542,UCT19,76,efficient use of visuals in one slide,EXAMPLE 1,Visual aids,0,0,0,2,0,2,0
1547,UCT19,367,"Use of terminology with a corresponding  amusing relatable visual ""chick flick""",EXAMPLE 2,Visual aids,0,0,0,0,1,1,0
1548,UCT19,114,use of one visual multiple times to tell the story of the growth of the world wide web,EXAMPLE 3,Visual aids,0,0,1,0,1,2,1
1559,UCT20,507,"I really liked the graphs in this presentation - the consistent style appealed to me and they didn't take over the presentation, but really supported the message.",EXAMPLE 2,Visual aids,0,0,0,0,3,3,0
1558,UCT20,202,Presentation required virtually no visual aids and still very effective.,EXAMPLE 1,Visual aids,1,0,0,0,1,2,1
1560,UCT20,91,Really loving the visual aids - so simple and effective and doesn't distract from the spoken text.,EXAMPLE 3,Visual aids,1,0,0,1,5,7,1
1254,UCT37,38,Visual aids signpost major topics with no text.,EXAMPLE 1,Visual aids,1,0,1,0,3,5,2
1339,UCT39,490,"It was very interesting presentation, with a lot of visual effects that helped me to understand hers research and to remember some facts afterwards She is very confident, good body language, smile all the time.The way she dressed up looks very professional and she is wearing a black, so helps to stay focus on her visual effect of presentation not to look at her",EXAMPLE 2,Visual aids,1,0,0,0,3,4,1
987,UCW11,241,"good use of pictures, charts",EXAMPLE 2,Visual aids,0,0,0,0,2,2,0
800,UCW15,314,Clear diagrams that explain points well,EXAMPLE 2,Visual aids,1,0,0,0,2,3,1
798,UCW15,78,Good use of visuals in showing different demographics,EXAMPLE 2,Visual aids,0,0,0,1,3,4,0
1290,UCW4,156,consistency on the style of visual slides.,EXAMPLE 3,Visual aids,0,0,0,0,2,2,0
1296,UCW4,77,make the graphic meaninful,EXAMPLE 4,Visual aids,1,0,0,0,3,4,1
1278,UCW4,73,persuasive and clear visual aids,EXAMPLE 2,Visual aids,0,0,0,0,2,2,0
1200,UCW5,127,Visual aids helps with the explanation process of the difficult concept,EXAMPLE 4,Visual aids,0,0,0,0,3,3,0
1194,UCW5,155,Visual aids help greatly to orientate audience to what he is saying,EXAMPLE 3,Visual aids,0,0,0,0,2,2,0
1187,UCW5,89,Great use of graphics to emphasise points,EXAMPLE 2,Visual aids,0,0,0,0,2,2,0
1451,LstudyID209,286,I make an effort to do this,TUTORIAL 4,I am rather good at this,0,0,0,0,1,1,0
840,UCF29,48,Bookends is an idea I've used though.,TUTORIAL 2,I am rather good at this,2,1,0,0,1,4,3
841,UCF29,97,"I started a presentation last year with ""Homer Simpson once said that public transport is for jerks and lesbians"". Obviously I went on to disagree with him (and hopefully didn't offend too many people) but it certainly woke people up!",TUTORIAL 2,I am rather good at this,0,0,0,2,4,6,0
1237,LstudyID209,86,I agree that it sounds boring. I'm usually trying to get over nerves at this point,TUTORIAL 2,I didnt realize I wasnt doing this,0,0,0,1,2,3,0
1461,LstudyID209,99,She is rocking back and forth,EXAMPLE 2,Delivery,0,1,0,0,1,2,1
1462,LstudyID209,193,Not smiling,EXAMPLE 2,Delivery,0,0,2,0,0,2,2
1467,LstudyID209,449,She uses her hands well,EXAMPLE 2,Delivery,0,0,0,0,2,2,0
1481,LstudyID209,172,"She speaks with authority, could smile perhaps",EXAMPLE 4,Delivery,1,0,1,0,0,2,2
1454,LstudyID209,38,He is smiling,EXAMPLE 1,Delivery,0,1,0,0,3,4,1
1464,LstudyID209,208,Made the audience laugh - engaging,EXAMPLE 2,Delivery,0,0,0,0,0,0,0
1460,LstudyID209,67,"She seems a bit nervous, but is using hands well, maybe not standing neutrally though.",EXAMPLE 2,Delivery,0,2,1,0,2,5,3
1478,LstudyID209,56,uses hands well,EXAMPLE 4,Delivery,1,0,0,0,3,4,1
1472,LstudyID209,110,"quite jerky movements, a little off-putting",EXAMPLE 3,Delivery,0,0,1,0,2,3,1
1471,LstudyID209,93,uses big gestures,EXAMPLE 3,Delivery,0,1,0,0,1,2,1
1063,UCF31,447,Delivery is well-paced - quite deliberate and unhurried. Makes it easy to follow,EXAMPLE 2,Delivery,0,0,0,0,2,2,0
1053,UCF31,155,Effective hand gestures,EXAMPLE 1,Delivery,0,0,0,0,2,2,0
1074,UCF31,77,Effective hand gestures,EXAMPLE 4,Delivery,1,0,0,0,3,4,1
1065,UCF31,32,Delivery seems more hesitant than the other presenters we've seen,EXAMPLE 3,Delivery,2,2,1,0,2,7,5
955,UCT24,229,poor,EXAMPLE 3,Delivery,0,0,1,0,0,1,1
966,UCT24,63,well commandered,EXAMPLE 1,Delivery,0,0,0,1,1,2,0
960,UCT24,167,good,EXAMPLE 4,Delivery,0,0,0,0,2,2,0
1410,UCW12,202,Confident stance. Not sure that the beginning where she greeted audience and end where a number of technical terms were given - were captivating for me but I am sure those in the field would be fine with this. Pleased she didn't use the 'but wait there's more' sales pitch approach - bit of a tension with her topic I guess. I enjoyed her speaking approach.,EXAMPLE 4,Delivery,0,0,0,0,3,3,0
1408,UCW12,78,The 's's seem to be employed,EXAMPLE 4,Delivery,0,0,3,0,0,3,3
1390,UCW12,105,He appears to apply the 'S' guides to presentation.,EXAMPLE 1,Delivery,0,2,1,0,0,3,3
1405,UCW12,244,Appears to be well rehearsed,EXAMPLE 3,Delivery,0,0,0,1,1,2,0
1396,UCW12,152,She moves her feet and is not smiling - perhaps reflecting the content currently concerns her. I am sure the final tutorial would say something about her stance but I'm okay with her movement. I take from that she is emotionally invested in the topic unlike Steve Jobs who was financially invested.,EXAMPLE 2,Delivery,0,0,0,0,3,3,0
1352,UCW9,107,Nice joke - barely remember 10 million,EXAMPLE 1,Delivery,0,0,0,1,2,3,0
1347,UCW9,28,Like the opening! I want to tell you a story...,EXAMPLE 1,Delivery,0,0,0,0,8,8,0
1350,UCW9,67,"Nice stance, and pauses between points",EXAMPLE 1,Delivery,0,0,0,1,1,2,0
1357,UCW9,28,"Nice opening - ""a little crazy""...""connect the dots""",EXAMPLE 2,Delivery,1,1,0,0,3,5,2
1359,UCW9,163,Not sure about the rocking back and forth delivery style - anti-confidence?,EXAMPLE 2,Delivery,0,1,0,1,1,3,1
1354,UCW9,113,Nice explanation - 10 million books on Amazon - need computer help,EXAMPLE 1,Delivery,0,0,0,1,2,3,0
835,UCF29,101,,TUTORIAL 1,I am rather good at this,0,2,0,1,2,5,2
836,UCF29,160,"Yeah, all good stuff, but I knew it already. Did challenge me to think further than the video goes though.",TUTORIAL 1,I am rather good at this,0,1,1,0,2,4,2
1024,UCF31,145,"I agree, the more time I spend in preparation, the more confident and effective my presentations are",TUTORIAL 1,I am rather good at this,1,0,0,0,3,4,1
914,UCT24,42,the use of bullets and graphics,TUTORIAL 1,I am rather good at this,0,2,0,0,5,7,2
925,UCT24,318,always have a take home message for audience,TUTORIAL 2,I am rather good at this,0,0,0,0,3,3,0
965,UCT24,292,eye contact with audience,TUTORIAL 4,I am rather good at this,0,0,0,0,2,2,0
916,UCT24,95,the use of handouts,TUTORIAL 1,I am rather good at this,0,1,0,1,2,4,1
920,UCT24,165,practicing the presentation,TUTORIAL 1,I am rather good at this,1,0,1,0,2,4,2
926,UCT24,367,take home message should be concise,TUTORIAL 2,I am rather good at this,0,0,0,0,3,3,0
1316,UCW9,118,"Provide an outline, but not a big one",TUTORIAL 3,I am rather good at this,0,0,1,0,2,3,1
1222,UCW9,96,Great to suggest don't use powerpoint - too many people just default to that,TUTORIAL 1,I am rather good at this,0,1,0,1,3,5,1
1225,UCW9,136,Hide the text in your own notes - not on the screen for everyone. Make sure you have material beyond what the audience can take from your slide,TUTORIAL 1,I am rather good at this,1,1,0,0,5,7,2
1321,UCW9,182,Yes - don't be a stiff,TUTORIAL 3,I am rather good at this,0,1,0,1,1,3,1
1322,UCW9,243,That's a dumb measure - who has experience of travelling to the moon and back?,TUTORIAL 3,I am rather good at this,0,0,1,2,2,5,1
1341,UCW9,95,Guesturing important to add impact,TUTORIAL 4,I am rather good at this,0,0,0,0,2,2,0
1260,LstudyID209,116,"I have seen bad examples where people have an outline slide and rush through it, outlining verbally may be more effective",TUTORIAL 3,I did/saw this in the past,0,1,0,1,3,5,1
1264,LstudyID209,190,"I like this point, I think it will take a lot of practice though",TUTORIAL 3,I did/saw this in the past,0,0,0,0,2,2,0
1230,LstudyID209,52,"I don't like confusing slides in presentations, I don't read them.",TUTORIAL 1,I did/saw this in the past,1,0,0,1,3,5,1
1235,LstudyID209,116,"Good tip, I have seen this done and it makes the presentation easier to follow",TUTORIAL 1,I did/saw this in the past,1,1,0,0,2,4,2
1244,LstudyID209,257,"Again, some interesting stats",TUTORIAL 2,I did/saw this in the past,0,1,0,0,1,2,1
851,UCF29,184,Superlatives aren't always welcome in academic presentations - but you can still express excitement and animation through voice and body.,TUTORIAL 3,I did/saw this in the past,1,0,0,1,7,9,1
855,UCF29,15,She doesn't look confident to me. Even within the first 15 seconds she doesn't look natural and flowing (which are signs of confidence and comfort). I guess this demonstrates the importance of the beginning!,TUTORIAL 4,I did/saw this in the past,1,1,2,1,3,8,4
854,UCF29,335,I think Winston Churchill once said that it took him something like 1 hour of rehearsal for every minute of a good speech. I've done that. It works. But sometimes you just have to make do with a little less if you have a life!,TUTORIAL 3,I did/saw this in the past,1,0,0,0,4,5,1
1019,UCF31,32,"This so looks like my style, boring",TUTORIAL 1,I did/saw this in the past,1,4,0,3,2,10,5
1026,UCF31,62,It's so easy to be boring! Performance skills and confidence are so important,TUTORIAL 2,I did/saw this in the past,0,1,0,0,3,4,1
918,UCT24,122,using supporting images,TUTORIAL 1,I did/saw this in the past,3,0,0,0,3,6,3
917,UCT24,114,using few but meaningful word to make a point,TUTORIAL 1,I did/saw this in the past,2,0,0,0,2,4,2
953,UCT24,263,make presentation visual as you can,TUTORIAL 3,I did/saw this in the past,0,0,0,0,2,2,0
949,UCT24,121,giving audience a reason to listen further,TUTORIAL 3,I did/saw this in the past,1,0,0,0,2,3,1
1344,UCW9,316,Easy to scan audience without making eye contact,TUTORIAL 4,I did/saw this in the past,0,0,0,0,3,3,0
1306,UCW9,83,"Short, direct and boring",TUTORIAL 2,I did/saw this in the past,0,0,1,1,0,2,1
1342,UCW9,154,"Relax shoulders, speak slower",TUTORIAL 4,I did/saw this in the past,1,0,0,0,2,3,1
1221,UCW9,83,Like the suggestion to stay low-tech initially,TUTORIAL 1,I did/saw this in the past,0,2,1,1,2,6,3
1449,LstudyID209,218,"I try to do this, easier to do when I have rehearsed well",TUTORIAL 4,I didnt realize I wasnt doing this,0,0,0,0,2,2,0
1450,LstudyID209,252,"This is a good point, someone has pointed this out to me when I have been presenting in the past",TUTORIAL 4,I didnt realize I wasnt doing this,0,0,0,0,2,2,0
1023,UCF31,129,I'm challenged by this - I think my instinct is the my spoken words have to be backedup by written words to have an impact,TUTORIAL 1,I didnt realize I wasnt doing this,0,0,2,2,1,5,2
1038,UCF31,111,Give your audience a reason to listen - a good message to remember,TUTORIAL 3,I didnt realize I wasnt doing this,1,1,0,0,3,5,2
1033,UCF31,377,Clearly communicating quite a complex point - taking time,TUTORIAL 2,I didnt realize I wasnt doing this,1,1,1,0,0,3,3
1029,UCF31,189,Getting alongside the audience by talking about knowledge/experiences they have in common with the speaker,TUTORIAL 2,I didnt realize I wasnt doing this,0,0,0,0,3,3,0
1027,UCF31,99,It's about looking at your presentation from the audience's perspective,TUTORIAL 2,I didnt realize I wasnt doing this,0,0,0,0,3,3,0
921,UCT24,60,having a good beginning and a good ending sounds great,TUTORIAL 2,I didnt realize I wasnt doing this,0,0,0,0,3,3,0
963,UCT24,187,sound variations,TUTORIAL 4,I didnt realize I wasnt doing this,0,0,0,1,1,2,0
923,UCT24,170,engage audience emotion from start,TUTORIAL 2,I didnt realize I wasnt doing this,0,1,0,0,4,5,1
948,UCT24,97,let your theme be catchy,TUTORIAL 3,I didnt realize I wasnt doing this,2,0,0,0,1,3,2
922,UCT24,66,"self intro, appreciating and apologising weak openings...wow",TUTORIAL 2,I didnt realize I wasnt doing this,2,0,1,0,1,4,3
924,UCT24,237,presenter should be active and show interest in the topic,TUTORIAL 2,I didnt realize I wasnt doing this,0,0,0,0,4,4,0
919,UCT24,140,hiding text so i can only read sound awesome,TUTORIAL 1,I didnt realize I wasnt doing this,2,0,0,0,2,4,2
950,UCT24,150,provide simplified outline with enthusiasm,TUTORIAL 3,I didnt realize I wasnt doing this,1,0,1,0,1,3,2
962,UCT24,93,Stance,TUTORIAL 4,I didnt realize I wasnt doing this,0,1,0,0,1,2,1
1307,UCW9,104,But surely you don't want to over-egg things? Too much build-up can lead to deflation...,TUTORIAL 2,I didnt realize I wasnt doing this,0,1,1,0,2,4,2
1304,UCW9,67,These are things that it's easy to think people expect,TUTORIAL 2,I didnt realize I wasnt doing this,0,0,0,1,2,3,0
1312,UCW9,433,Work backwards from the close,TUTORIAL 2,I didnt realize I wasnt doing this,0,0,0,0,3,3,0
1340,UCW9,55,Strictly true? Steve Jobs moved around a lot...,TUTORIAL 4,I didnt realize I wasnt doing this,0,0,0,0,3,3,0
1232,LstudyID209,79,"I try to do this, I think it is hard to make a story when you know the subject very well - it can be easy to forget what is assumed knowledge",TUTORIAL 1,I like this point,1,3,0,2,2,8,4
1255,LstudyID209,437,I hadn't thought about trying to do it this way around,TUTORIAL 2,I like this point,0,0,0,0,1,1,0
1234,LstudyID209,99,It is almost an unwritten rule that presentations should be powerpoint.,TUTORIAL 1,I like this point,0,1,1,1,1,4,2
1247,LstudyID209,351,"Quite a long winded conclusion, but recapping the main points of a presentation is a good idea",TUTORIAL 2,I like this point,0,0,2,0,4,6,2
1240,LstudyID209,155,"I like when stories are used in presentations, makes the presentation more memorable",TUTORIAL 2,I like this point,0,0,0,0,2,2,0
1448,LstudyID209,95,"A lot to remember, but good tips",TUTORIAL 4,I like this point,0,0,0,0,2,2,0
1253,LstudyID209,425,I like the abrupt ending with a key word,TUTORIAL 2,I like this point,0,0,0,0,1,1,0
1238,LstudyID209,109,I like that he had found some statistics to give what he had to say some emphasis,TUTORIAL 2,I like this point,0,0,0,1,1,2,0
1250,LstudyID209,408,making a joke,TUTORIAL 2,I like this point,0,0,1,0,1,2,1
1236,LstudyID209,45,Nice way of visualising it,TUTORIAL 2,I like this point,0,0,1,0,3,4,1
1262,LstudyID209,127,the clear transitions are a good idea,TUTORIAL 3,I like this point,1,0,0,0,3,4,1
1258,LstudyID209,103,I like that the idea of a catchy headline to draw interest,TUTORIAL 3,I like this point,0,1,0,0,2,3,1
833,UCF29,89,I use bullets on slides...but write the overarching narrative first and then use the bullets to try to support and reinforce what I'm saying. I also try to include stories within the overarching narrative. But I do wonder if the video might go on to give me some tips to make my powerpoints (when I use them at all) more interesting.,TUTORIAL 1,I like this point,1,0,0,0,4,5,1
849,UCF29,102,I'm noticing the presenter's hands keep going off-screen as he gestures. For video presentations the ideal is to know where the edge of the screen is and stay within in.,TUTORIAL 3,I like this point,0,2,2,0,1,5,4
839,UCF29,39,Hadn't heard the term primacy-recency effect.,TUTORIAL 2,I like this point,0,1,2,0,1,4,3
1028,UCF31,153,Great structure - hooks the audience in,TUTORIAL 2,I like this point,0,0,0,0,2,2,0
1030,UCF31,220,"Encouraging audience participation, keeping the interest up",TUTORIAL 2,I like this point,0,0,0,0,2,2,0
1040,UCF31,177,Important to have faith in yourself and believe that your message is important,TUTORIAL 3,I like this point,0,1,0,0,2,3,1
1047,UCF31,380,Those are ideas that are easy to remember and to apply,TUTORIAL 4,I like this point,0,0,0,0,2,2,0
1046,UCF31,306,Good to have the guideline of holding eye contact 5 - 7 secs,TUTORIAL 4,I like this point,0,0,0,0,2,2,0
1020,UCF31,58,I always thought that people learned better by reading (what's on the slides) than by just listening. I thought that you need to have the important facts on the slides for people to take them in,TUTORIAL 1,I like this point,2,2,0,2,6,12,4
1037,UCF31,88,"Good message to take away. I think my presentations often try to communicate too much, without a clear message",TUTORIAL 3,I like this point,1,0,0,1,5,7,1
1045,UCF31,186,Performance component - good to see a presentation as a performance that needs to engage the audience,TUTORIAL 4,I like this point,0,0,0,0,3,3,0
1042,UCF31,328,Memorable moment is a good takeaway idea,TUTORIAL 3,I like this point,0,0,0,0,1,1,0
1039,UCF31,136,This gives the structure around the heard address that I was attempting to provide through bullet points on slides,TUTORIAL 3,I like this point,1,2,1,0,2,6,4
1034,UCF31,394,Ending with a take-away -something for the audience to do as a result of the presentation,TUTORIAL 2,I like this point,0,0,0,0,2,2,0
1018,UCF31,16,PowerPoint is ubiquitous but often not well used - I need to learn how to make my presentations more effective,TUTORIAL 1,I like this point,4,0,0,0,7,11,4
1021,UCF31,76,I really like this idea - telling stories is so engaging,TUTORIAL 1,I like this point,1,0,1,1,5,8,2
1025,UCF31,20,"Yes, first impressions determine whether the audience will be willing to listen further",TUTORIAL 2,I like this point,1,1,0,1,5,8,2
1044,UCF31,141,Good to have the link between posture and sound - a persuasive point,TUTORIAL 4,I like this point,1,0,0,0,2,3,1
1035,UCF31,437,"That's really good idea, to start with the close and work back. I hadn't thought of that",TUTORIAL 2,I like this point,0,0,0,0,1,1,0
1022,UCF31,106,Excellent point but do you then end up with heaps of slides - I suppose I need to think about simplifying my message/s too,TUTORIAL 1,I like this point,3,0,0,1,2,6,3
1043,UCF31,55,"I think moving around can be a good thing, but I take her point about movements that look like fidgeting",TUTORIAL 4,I like this point,1,1,0,0,4,6,2
1031,UCF31,312,There are so many presentations I have seen where the ending has been rushed because the speaker has run out of time - bad and lasting impression,TUTORIAL 2,I like this point,1,0,0,0,3,4,1
964,UCT24,271,silence,TUTORIAL 4,I like this point,0,0,1,0,2,3,1
915,UCT24,75,braeking down story from beginning to end,TUTORIAL 1,I like this point,1,3,0,0,3,7,4
952,UCT24,208,numbers should be meaningful,TUTORIAL 3,I like this point,0,0,0,0,2,2,0
951,UCT24,183,relax and avoid being too formal,TUTORIAL 3,I like this point,0,0,0,0,3,3,0
1374,UCW12,162,I found this reaffirming to watch. As an audience member I have found presentations using powerpoint to be more 'death by powerpoint. How can I suck the life and will to live out of this group? When I began in my current job you were measured by students and some staff by the academic level and constant creation of powerpoints - so in order to make other people happy and to maintain my sanity I chose to use images to support the story and I limited the academic content to my notes and selling th,TUTORIAL 1,I like this point,1,0,0,1,2,4,1
1375,UCW12,165,I found this reaffirming to watch. As an audience member I have found presentations using powerpoint to be more 'death by powerpoint. How can I suck the life and will to live out of this group? When I began in my current job you were measured by students and some staff by the academic level and constant creation of powerpoints - so in order to make other people happy and to maintain my sanity I chose to use images to support the story and I limited the academic content to my notes and selling th,TUTORIAL 1,I like this point,1,0,1,0,4,6,2
1303,UCW9,52,Bookends - both need to be strong,TUTORIAL 2,I like this point,0,0,0,1,3,4,0
1315,UCW9,68,"Hits the theme - simple, one liner",TUTORIAL 3,I like this point,2,0,0,1,4,7,2
1308,UCW9,132,Good opening with a story,TUTORIAL 2,I like this point,0,0,0,0,2,2,0
1224,UCW9,129,Excellent point. Can't read and listen at same time.,TUTORIAL 1,I like this point,2,0,0,1,2,5,2
1314,UCW9,58,"""Something in the AIR"" - opening that sets the theme and foreshadows announcement",TUTORIAL 3,I like this point,1,1,0,1,4,7,2
1223,UCW9,115,Yes to visual ideas. But sometimes hard to create if not an artist - stock images?,TUTORIAL 1,I like this point,2,2,0,0,4,8,4
1343,UCW9,240,"Silence!    For contrast, for emphasis, for reflection",TUTORIAL 4,I like this point,5,0,0,1,0,6,5
1300,UCW9,30,"Liked the unexpected begin-end-keep them together rather than ""middle""",TUTORIAL 2,I like this point,1,0,0,1,4,6,1
1345,UCW9,366,And a summary! Nice ending recapping the 5 S's,TUTORIAL 4,I like this point,0,0,0,0,1,1,0
1309,UCW9,228,Liked the ask of the audience,TUTORIAL 2,I like this point,1,0,0,1,1,3,1
1456,LstudyID209,94,He pauses to let a point sink in,EXAMPLE 1,No Aspect Selected,0,1,0,0,2,3,1
1256,LstudyID209,25,I like the idea that a presentation should be inspiring,TUTORIAL 3,No Aspect Selected,1,2,0,1,4,8,3
1459,LstudyID209,32,"Slides has animated pictures, not wordy. 1 point.",EXAMPLE 2,No Aspect Selected,1,1,0,0,4,6,2
1474,LstudyID209,170,errring' instead of pausing,EXAMPLE 3,No Aspect Selected,0,0,1,0,1,2,1
1452,LstudyID209,340,I really like how if she forgets what she is going to say (or the order of her wording) she pauses and doesn't 'mmm',TUTORIAL 4,No Aspect Selected,0,2,1,0,1,4,3
1455,LstudyID209,70,keeps his hands by his sides and then uses them to gesture,EXAMPLE 1,No Aspect Selected,1,0,1,0,2,4,2
1269,LstudyID209,299,Good for business presentations with a product. Not sure how to translate this to scientific presentation,TUTORIAL 3,No Aspect Selected,0,1,1,1,3,6,2
860,UCF29,67,She got a bit repetitive with the whole 'things are going to change' point.,EXAMPLE 2,No Aspect Selected,0,0,3,1,1,5,3
876,UCF29,180,I don't know where this is going and am starting to get bored. ,EXAMPLE 3,No Aspect Selected,0,0,2,0,2,4,2
862,UCF29,160,Add a rhythm and that could almost be a waltz! But the content is very good.,EXAMPLE 2,No Aspect Selected,0,0,1,0,2,3,1
871,UCF29,32,"""I've got a question for you""...so what is it?",EXAMPLE 3,No Aspect Selected,1,1,1,0,2,5,3
884,UCF29,59,She should've brought a ball!,EXAMPLE 4,No Aspect Selected,0,2,0,1,1,4,2
858,UCF29,158,He's got good pauses. Could do a bit more on pitch and volume.,EXAMPLE 1,No Aspect Selected,0,2,2,0,0,4,4
864,UCF29,260,Her elbows are anchored to her waist. I want to see them change angle and I want to see some bigger gestures that opens her core from the protective girdling of elbows!,EXAMPLE 2,No Aspect Selected,1,0,2,1,0,4,3
866,UCF29,365,"I don't see how the triumph of the chick flick is the end of gender. It might be the end of male domination, but 'chick flick' is not exactly a gender neutral term.",EXAMPLE 2,No Aspect Selected,0,1,0,1,0,2,1
879,UCF29,304,My mind is wandering.,EXAMPLE 3,No Aspect Selected,0,0,2,0,0,2,2
887,UCF29,198,Good hammering home of the point.,EXAMPLE 4,No Aspect Selected,0,0,0,0,3,3,0
857,UCF29,127,He's good. He believes himself!,EXAMPLE 1,No Aspect Selected,0,0,1,0,2,3,1
870,UCF29,495,"They're all individual people in the faces she just added...but also all young females, which again doesn't support the argument that we're heading towards an end of gender. I feel there are some mixed messages in this presentation that could benefit from robust debate.",EXAMPLE 2,No Aspect Selected,0,0,1,1,1,3,1
868,UCF29,431,I find the flicking up of pictures that aren't directly relevant to the words she's currently saying to be distracting.,EXAMPLE 2,No Aspect Selected,0,1,1,1,0,3,2
874,UCF29,39,"If you know who Tim is this makes sense. If you didn't, you'd have no idea what he's talking about.",EXAMPLE 3,No Aspect Selected,1,2,1,0,5,9,4
875,UCF29,118,His presentation would really benefit from an explicit structure and some signposting.,EXAMPLE 3,No Aspect Selected,0,1,1,0,2,4,2
886,UCF29,118,Nice use of the image on the slide. Especially in thesis in 3 which only allows one slide.,EXAMPLE 4,No Aspect Selected,0,0,0,0,5,5,0
883,UCF29,27,"She started with ""So..."". That's one of the least striking openings in the English language. Ooooh, I'm getting mean. I think I've watched too many presentation videos in one go!",EXAMPLE 4,No Aspect Selected,0,2,3,1,3,9,5
844,UCF29,328,"At the end, I always come back to Homer!",TUTORIAL 2,No Aspect Selected,0,0,0,0,3,3,0
856,UCF29,381,"Her points are all valid, but it sounds and looks fake. It's absolutely fine as a Toastmasters speech, and there are many things I could commend about it. But I find it difficult to take someone as an expert when I can spot in the first 15 seconds that the person themself doesn't believe it.",TUTORIAL 4,No Aspect Selected,0,0,2,1,4,7,2
859,UCF29,195,"Under the circumstances, he could have a better close. (But I suspect he ran out of time!)",EXAMPLE 1,No Aspect Selected,0,0,2,0,0,2,2
881,UCF29,404,The end was actually strangely powerful in a very understated way.,EXAMPLE 3,No Aspect Selected,0,0,0,0,2,2,0
867,UCF29,392,"Ok, maybe we're getting to the point. Keep going...",EXAMPLE 2,No Aspect Selected,0,1,0,1,0,2,1
880,UCF29,339,He could have started with some of this stuff and then the whole presentation would have been much more powerful.,EXAMPLE 3,No Aspect Selected,0,2,0,0,2,4,2
861,UCF29,120,"Oooh, swaying, yuk! But the voice and the words are good!",EXAMPLE 2,No Aspect Selected,0,1,0,1,4,6,1
1055,UCF31,20,Engaging opening - intriguing 'a little bit crazy',EXAMPLE 2,No Aspect Selected,1,2,0,0,3,6,3
1060,UCF31,207,Humour about lying about your age supports her point about escaping demographic boxes,EXAMPLE 2,No Aspect Selected,0,2,1,0,1,4,3
1064,UCF31,499,"Conclusion short but future-focused and taking the audience with her, wondering about what next.",EXAMPLE 2,No Aspect Selected,1,1,0,0,2,4,2
1382,UCW12,216,"It could be the content and I think while I have described it as American, I know there are performers at Aotearoa schools that present in a similar manner but I think there are cultural differences. Humility does not appear to be a productive business manner - maybe that's why I'm not successful at making money.",TUTORIAL 3,No Aspect Selected,0,2,0,2,2,6,2
1385,UCW12,335,"Okay latter points I am more comfortable with - a little mystic, use of videos and images to make the point and rehearse x multiple times",TUTORIAL 3,No Aspect Selected,0,0,0,0,1,1,0
1383,UCW12,240,"Gosh, I don't want to be a presenter who yells and has a smirk.",TUTORIAL 3,No Aspect Selected,0,0,2,0,2,4,2
1376,UCW12,446,I found this interesting. I found myself look at the images behind the speakers to see what relationship they had with the speech. I also found ideas being presented that I was familiar with more appealing than content I have had little knowledge of. I also thought that one of the speakers included some cultural aspects that I found appealing 'use of images and proverbs or sayings'. Even though having an interactive activity can seem a little 'guess what's in my head' I have through my experienc,TUTORIAL 2,No Aspect Selected,0,0,0,0,1,1,0
1380,UCW12,198,"While I believe there are some key points that would enhance a presentation - catch phrase that underpins the entire presentation, outline of key points, simple terms that show enthusiasm and passion, clear transitions between sections; I do not enjoy what I have come to know as the American style advertising - I find it loud, I find expressions are in-genuine, to some degree I feel like I am seen as stupid if I don't believe. This style of presentation while appealing to the majority of the wor",TUTORIAL 3,No Aspect Selected,0,1,1,1,2,5,2
1386,UCW12,39,"I think stance is an issue for me, I am not keen to be in the public view so rather than strong I tend to get stuck to other things like chairs and desks.",TUTORIAL 4,No Aspect Selected,1,3,0,0,3,7,4
1397,UCW12,385,I am struggling to focus on presentation skills because I am enjoying the topic and I find the speaker is clear.,EXAMPLE 2,No Aspect Selected,0,0,0,0,4,4,0
1388,UCW12,122,"I think to me this loses some of the humanness of the presenter. I watched a presenter confident, stiff, measured about what he was doing but not engaging for me. I watched an elderly and unwell presenter. She was a little unsteady, she lost track of her words but joked, she knocked papers and perhaps she left unhappy with her presentation but for me I saw passion, I heard history and wisdom in action. I think the event organisers might have considered her needs a little more but I left more emo",TUTORIAL 4,No Aspect Selected,0,1,0,1,2,4,1
1384,UCW12,259,Steve Jobs had a lot of money and the right technology crew to support the presentation - how is that even achievable when you have just confessed you are not a financial wizard.,TUTORIAL 3,No Aspect Selected,1,0,1,0,1,3,2
1394,UCW12,25,Makes a simple opening statement that the presenter states as perhaps troubling to the audience and uses facial expression at the end looking at audience.,EXAMPLE 2,No Aspect Selected,0,1,1,0,3,5,2
1387,UCW12,73,Oh my goodness if I had to think about all the tallness factors I might just as well quit while I'm ahead. I see the point but,TUTORIAL 4,No Aspect Selected,0,0,1,0,1,2,1
1319,UCW9,142,"These are quite generic though...""make it easy for listeners to follow your story""",TUTORIAL 3,No Aspect Selected,0,1,1,1,1,4,2
1219,UCW9,47,Spot-on summary of bad presentations - particularly all the bullet points!,TUTORIAL 1,No Aspect Selected,3,2,0,2,3,10,5
1220,UCW9,63,Be good to be able to use the style of the video itself in a presentation - full of movement and yet simple,TUTORIAL 1,No Aspect Selected,1,1,0,2,4,8,2
1479,LstudyID209,80,explains her picture well,EXAMPLE 4,Speech,2,0,0,0,2,4,2
1473,LstudyID209,139,"Speaks very quickly, comes across as passionate, but some pauses would be better",EXAMPLE 3,Speech,0,0,0,0,2,2,0
1465,LstudyID209,230,"Her speech is clear, no 'mmmm'ing",EXAMPLE 2,Speech,1,0,0,0,2,3,1
1480,LstudyID209,163,"Clear speaker, uses pauses",EXAMPLE 4,Speech,0,0,0,0,2,2,0
1048,UCF31,29,Engaging opening - I want to tell you a story about...,EXAMPLE 1,Speech,1,0,0,0,4,5,1
1066,UCF31,57,Story telling approach engaging,EXAMPLE 3,Speech,0,0,1,0,1,2,1
1059,UCF31,152,Link to Mad Men brings us alongside the presenter with a common experience,EXAMPLE 2,Speech,1,0,0,1,0,2,1
1061,UCF31,269,Taste respected rather than assumed - good takeaway message,EXAMPLE 2,Speech,0,0,0,0,2,2,0
1068,UCF31,175,His deep knowledge is evident in his discussion of the influence of the Web on everyday lives,EXAMPLE 3,Speech,0,1,0,0,1,2,1
1070,UCF31,367,Suggesting ways for the audience to get involved,EXAMPLE 3,Speech,0,1,0,0,1,2,1
1071,UCF31,395,Makes final point strongly,EXAMPLE 3,Speech,0,0,0,0,2,2,0
1076,UCF31,169,"Very clearly explained, telling a story",EXAMPLE 4,Speech,0,0,0,0,2,2,0
1050,UCF31,58,Language is direct with effective use of numbers to make a point,EXAMPLE 1,Speech,0,1,0,1,1,3,1
1052,UCF31,113,Skillful use of analogy to explain the part computers play in solving this problem,EXAMPLE 1,Speech,0,1,0,0,2,3,1
958,UCT24,321,boring,EXAMPLE 3,Speech,0,1,0,0,0,1,1
969,UCT24,157,interesting,EXAMPLE 2,Speech,0,0,0,0,1,1,0
959,UCT24,97,good vocal,EXAMPLE 4,Speech,0,0,0,0,2,2,0
954,UCT24,176,too fast spoken,EXAMPLE 3,Speech,0,0,0,0,1,1,0
967,UCT24,81,good vocal,EXAMPLE 1,Speech,0,0,0,0,1,1,0
1400,UCW12,38,Makes point and uses microphone to aid voice volume perhaps,EXAMPLE 3,Speech,1,0,2,0,1,4,3
1402,UCW12,147,He speaks quite quickly but not consistently,EXAMPLE 3,Speech,0,0,0,0,2,2,0
1349,UCW9,29,Nice opening pause,EXAMPLE 1,Speech,1,2,2,1,0,6,5
1360,UCW9,401,"Quite a conversational style, but lots of words",EXAMPLE 2,Speech,0,0,1,0,1,2,1
1453,LstudyID209,36,He tells a story at the beginning,EXAMPLE 1,Structure,0,1,0,0,4,5,1
1469,LstudyID209,20,Starts with a fact,EXAMPLE 3,Structure,0,1,0,0,4,5,1
1466,LstudyID209,276,"Easy to follow the progression, slides are used to split up ideas well",EXAMPLE 2,Structure,0,0,0,0,2,2,0
1468,LstudyID209,495,She recapped at the end,EXAMPLE 2,Structure,0,0,0,0,2,2,0
1457,LstudyID209,135,"He is telling a story throughout, makes it easy to follow and understand what his work is about",EXAMPLE 1,Structure,0,0,0,0,3,3,0
1476,LstudyID209,405,Nice personal ending,EXAMPLE 3,Structure,0,0,0,0,1,1,0
1482,LstudyID209,202,Strong conclusion,EXAMPLE 4,Structure,0,0,0,0,2,2,0
1069,UCF31,333,Effective way of making points: listing 'I want...' Supported well with visuals,EXAMPLE 3,Structure,0,0,0,1,3,4,0
1073,UCF31,56,"'So if you'll join me in imagining...' Involving audience, getting alongside, using analogy",EXAMPLE 4,Structure,0,0,0,0,8,8,0
1051,UCF31,78,Building up the story incrementally from the tree to the chemical to the problem to the chemists,EXAMPLE 1,Structure,0,0,1,0,2,3,1
1062,UCF31,316,"Well structured with visuals supporting her explanation at the beginning of each section, then her speech expands and goes deeper",EXAMPLE 2,Structure,0,0,0,0,2,2,0
1056,UCF31,41,Opens by stating main message,EXAMPLE 2,Structure,1,0,0,0,3,4,1
1054,UCF31,199,Main point stated clearly in conclusion,EXAMPLE 1,Structure,0,0,1,0,3,4,1
1072,UCF31,36,Opening is clear but not attention-grabbing or engaging,EXAMPLE 4,Structure,1,0,1,1,3,6,2
968,UCT24,114,simple and well organized,EXAMPLE 1,Structure,0,0,0,1,1,2,0
957,UCT24,292,uncoordinated,EXAMPLE 3,Structure,0,2,0,0,0,2,2
971,UCT24,283,clear,EXAMPLE 2,Structure,0,0,0,0,1,1,0
1407,UCW12,68,Well rehearsed,EXAMPLE 4,Structure,0,0,0,0,3,3,0
1391,UCW12,200,I guess I was left with the closing statement about what he is doing.,EXAMPLE 1,Structure,0,0,1,0,2,3,1
1399,UCW12,497,Closed bringing the key points back again,EXAMPLE 2,Structure,0,0,0,0,3,3,0
1401,UCW12,86,I can't remember clearly but I think one person talked about building points incrementally and I guess his statistics does this,EXAMPLE 3,Structure,1,1,1,0,0,3,3
1406,UCW12,392,Finishes or closes repeating the purpose or a take home message for the audience encouraging people to be involved with a 'bill of rights' for the WWW,EXAMPLE 3,Structure,0,0,0,0,4,4,0
1361,UCW9,496,"Summary is there, but seems weak...imagine...",EXAMPLE 2,Structure,0,0,1,0,2,3,1
1356,UCW9,201,Good strong summary - better tools to make better medicine,EXAMPLE 1,Structure,1,0,0,0,4,5,1
1351,UCW9,79,"Great analogies - politicians, then chemists with lego",EXAMPLE 1,Structure,0,0,0,1,5,6,0
1355,UCW9,144,Move from problem to analogy (chess) to computer system,EXAMPLE 1,Structure,1,0,0,0,2,3,1
1458,LstudyID209,175,He isn't relying on his slides for telling his story,EXAMPLE 1,Visual aids,0,0,0,0,3,3,0
1470,LstudyID209,61,Clear slides with only 2 numbers,EXAMPLE 3,Visual aids,0,0,1,0,1,2,1
1477,LstudyID209,35,"Good that there is only one picture on the slide, writing maybe a bit small/could be clearer",EXAMPLE 4,Visual aids,0,0,0,0,4,4,0
1475,LstudyID209,304,I like how he keeps some elements of the picture the same whilst changing others,EXAMPLE 3,Visual aids,0,1,1,1,1,4,2
1463,LstudyID209,198,Her slides are very interesting to look at. The pictures represent an idea,EXAMPLE 2,Visual aids,0,0,0,0,0,0,0
1057,UCF31,54,Effective visual aids - magazine covers. The way they keep changing makes a point about how widespread they are,EXAMPLE 2,Visual aids,0,1,0,1,3,5,1
1075,UCF31,,Great visual aid that could be used to support several explanations,EXAMPLE 4,Visual aids,0,0,0,0,2,2,0
1067,UCF31,87,Clear visual showing the growth of the use of the Web,EXAMPLE 3,Visual aids,0,0,0,0,2,2,0
1049,UCF31,42,Simple visuals help make the content accessible and not intimidating,EXAMPLE 1,Visual aids,0,0,0,0,4,4,0
1058,UCF31,85,Great animated visual aids that accurately reflects the spoken component,EXAMPLE 2,Visual aids,0,0,0,0,3,3,0
961,UCT24,192,bad graphic,EXAMPLE 4,Visual aids,0,0,1,1,0,2,1
970,UCT24,193,good,EXAMPLE 2,Visual aids,0,0,0,0,1,1,0
956,UCT24,248,good,EXAMPLE 3,Visual aids,0,0,0,0,1,1,0
1398,UCW12,403,Simple images relevant emphasize the point made,EXAMPLE 2,Visual aids,0,0,0,0,2,2,0
1395,UCW12,53,Uses relevant visual images but an overload for me particularly with the movement.,EXAMPLE 2,Visual aids,0,1,2,0,1,4,3
1389,UCW12,73,"Okay, he is talking about trees and the image I can see doesn't match. I didn't like the four images to me that was no different to a slide of words.",EXAMPLE 1,Visual aids,0,0,1,2,2,5,1
1409,UCW12,87,Uses visual aids,EXAMPLE 4,Visual aids,0,0,0,0,3,3,0
1348,UCW9,29,Very busy slide!,EXAMPLE 1,Visual aids,0,1,0,1,2,4,1
1358,UCW9,92,like the meat-grinder image - simple but powerful,EXAMPLE 2,Visual aids,0,0,0,0,2,2,0